OrgName,Address,City,ZIP,State,Latitude,Longitude,OrgClass,OrgType,OrgDescription,ServiceArea,Award2017,Award2018,Award2019,,AAward2017,AAward2018,AAward2019,BAward2017,BAward2018,BAward2019,CAward2017,CAward2018,CAward2019,DAward2017,DAward2018,DAward2019,Staff2017,Staff2018,Staff2019,VHours2017,VHours2018,VHours2019,ShelterFund2017,ShelterPercentbySA,TotalIndviduals,TotalAnonContacts,NewIndividuals,AmIndAkNative,Asian    ,Black,Hispanic,HawaiianPacIsl,White,Other,Multiple,RaceNR,RaceNT,Male ,Female ,Other,GenderNR,GenderNT,Age0to12,Age13to17 ,Age18to24 ,Age25to59,Age60Plus,AgeNR,AgeNT,AdultAssault,AdultSexAssault,AdultsAbusedAsChildren,Arson,Bullying,Burglary,ChildAbuse,ChildPorn,ChildSexAbuse,DomesticViolence,DUIIncident,ElderAbuse,HateCrime,HumanTraffLabor,HumanTraffSex,IdentityTheft,KidnappingNonCus,KidnappingCust,MassViolence,VehicVictim,Robbery,Stalking,Homicide,TeenDating,Terrorism,ViolProtectiveOrder,Other,Deaf,Homeless ,Immigrants,LGBTQ,Veterans,MentalDisability,ESL,Other,VictimCompApp,ProvidesA,ProvidesB,ProvidesC,ProvidesD,ProvidesE,IndividualsA,A1,A2,A3,A4,IndividualsB,B1,B2,B3,B4,B5,B6,B7,B8,B9,B10,IndividualsC,C1,C2,C3,C4,C5,C6,C7,IndividualsD,D1,D2,D3,IndividualsE,E1,E2,E3,E4,E5,E6,E7,E8,E9,E10,E11,VAWA2019,VAWA2020,SASP2019,SASP2020,VOCA2018,VOCA2019,VOCA2020,VOCAHousing2019,VOCAHousing2020,,Total2019,CostPerPerson
Bountiful City Attorney's Office,790 South 100 East,Bountiful,84010,Utah,40.880572,-111.878524,Government Agencies Only,Prosecutor,Attorney's Office,Davis,33903,0,31864,,718,0,2718,17978,0,11250,876,0,227,14330,0,17662,1,0,1,240,0,290,,,547,0,408,3,4,4,46,3,258,0,0,90,0,134,212,0,62,0,9,8,31,227,45,88,0,40,3,0,0,0,5,6,0,6,144,33,0,22,0,0,8,0,0,0,23,0,33,0,0,0,0,280,0,2,0,2,0,2,1,0,40,1,1,1,1,1,333,399,423,9,56,10,0,0,0,1,0,0,9,0,0,0,25,33,0,0,0,0,0,0,3,0,0,4,527,1377,209,260,32,5,0,0,100,22,63,0,0,0,0,0,0,31863.55,32685.9,0,0,,31863.55,58.25
Box Elder County Attorney's Office,81 North Main Street,Brigham City,84302,Utah,41.532168,-112.014374,Government Agencies Only,Prosecutor,Attorney's Office,Box Elder,157989,0,130016,,21770,0,12189,11122,0,15644,963,0,611,124116,0,101572,4,0,3,2160,0,850,,,629,1,357,0,0,0,29,0,306,0,1,7,14,153,197,4,3,0,58,23,63,154,41,17,1,45,3,0,12,1,38,14,8,51,84,19,2,0,0,0,120,0,6,4,22,41,4,9,0,1,0,201,0,1,1,3,0,3,1,0,185,1,1,1,0,1,554,1480,1492,273,61,120,1,0,9,81,0,0,5,0,5,22,106,4,147,0,0,0,0,1,0,0,0,0,563,2971,378,879,0,0,0,0,324,9,1240,0,21668.75,0,0,0,86699.45,161747.47,0,0,0,,183416.22,291.60
Cache County Attorney's Office,199 North Main Street,Logan,84321,Utah,41.735101,-111.834971,Government Agencies Only,Prosecutor,Attorney's Office,"Cache,Rich",526152,0,476498,,86329,0,84479,105755,0,74579,38836,0,73228,295225,0,244211,6,0,7,684,0,270,,,4211,21,3339,66,56,24,622,31,1991,126,14,409,0,1154,1753,2,430,0,446,327,797,1255,81,433,0,363,215,227,0,188,266,169,21,402,1029,46,21,0,0,0,808,17,50,0,62,18,177,48,106,0,0,0,17,30,133,45,26,147,287,0,853,1,1,1,1,1,3906,5671,5826,2854,3037,428,22,9,194,244,0,88,169,0,0,10,2796,2287,0,2036,0,0,0,207,45,23,0,24,3212,3868,1069,1158,104,108,134,74,272,202,214,39,199752.68,241954.73,0,0,12815.2,476494.25,522983.93,0,0,,676246.93,160.59
Clearfield City,55 South State Street,Clearfield,84015,Utah,41.108341,-112.020768,Government Agencies Only,Prosecutor,Attorney's Office,Davis,148583,0,225565,,10178,0,7472,74009,0,146428,2898,0,7107,61496,0,64558,1,0,3,240,0,200,,,547,0,517,4,4,20,84,10,363,1,2,29,0,136,377,0,4,0,20,16,111,329,24,17,0,37,38,1,1,0,3,12,0,5,389,1,0,5,0,0,2,1,0,0,18,0,26,2,0,0,0,12,0,10,6,8,0,1,6,0,43,1,1,1,1,1,377,399,382,76,139,73,0,0,2,101,0,1,30,0,3,2,53,41,36,0,8,0,0,2,4,1,0,3,360,656,58,75,11,0,4,0,69,31,2,0,0,0,0,0,0,88301.43,93889.88,120411.68,117509.5,,208713.11,381.56
Duchesne County Attorney's Office,21554 West 9000 South,Duchesne,84021,Utah,40.171553,-110.0957,Government Agencies Only,Prosecutor,Attorney's Office,Duchesne,252078,0,187477,,43080,0,48744,48399,0,28121,2116,0,1875,158483,0,108737,4,0,3,287,0,800,,,1393,0,1049,132,1,2,56,5,703,1,17,131,1,348,609,1,90,1,155,99,97,399,40,259,0,324,36,14,4,16,170,124,7,202,328,3,0,0,0,0,50,5,0,1,8,8,130,75,1,0,0,168,1,15,1,1,3,30,21,644,100,1,1,1,1,1,473,450,320,203,199,868,6,2,18,1665,0,1,3,0,22,2,561,223,712,52,8,0,68,29,49,51,10,12,1099,1091,255,113,305,8,8,0,37,22,1328,14,0,0,0,0,124636.41,187476.84,187476.84,0,0,,187476.84,134.58
Emery County Attorney's Office,1850 Des Bee Dove Road,Castle Dale,84513-0249,Utah,39.221028,-111.016571,Government Agencies Only,Prosecutor,Attorney's Office,Emery,0,55430,89353,,0,2772,4467,0,24389,39315,0,2217,3574,0,26052,41997,0,1,1,0,500,700,,,185,0,185,1,0,0,13,0,144,2,0,25,0,38,122,0,23,2,14,12,11,83,16,49,0,13,2,0,0,0,10,6,0,19,79,2,7,0,0,0,3,1,0,0,19,0,6,11,1,0,0,25,3,2,0,0,1,2,0,0,111,1,1,1,1,1,126,150,136,43,62,58,1,1,29,29,2,0,6,0,6,0,50,55,0,0,24,0,4,0,11,11,0,1,149,309,22,77,74,1,0,0,55,38,5,2,0,0,0,0,77732.13,89352.27,94292.18,0,0,,89352.27,482.99
Juab County Attorney's Office,160 North Main Street,Nephi,84648,Utah,39.710859,-111.836044,Government Agencies Only,Prosecutor,Attorney's Office,Juab,77753,0,47300,,14137,0,8600,33575,0,20424,3534,0,2151,26507,0,16125,2,0,2,220,0,104,,,513,0,363,2,0,0,16,0,343,1,1,0,0,126,237,0,0,0,68,34,17,207,37,0,0,16,29,0,0,0,18,44,5,109,101,5,6,0,0,0,36,0,0,0,28,0,22,9,0,0,0,90,0,0,0,0,0,0,4,0,160,1,1,1,0,1,509,508,363,54,187,510,2,0,4,510,0,0,0,0,10,9,370,374,0,4,0,0,0,3,0,0,0,0,459,396,10,47,162,1,1,0,146,4,230,2,0,0,0,0,90245.24,177395.2,168131.23,0,0,,177395.2,345.80
Kane County Victim Services,76 N. Main Street,Kanab,84741,Utah,37.054114,-112.528604,Government Agencies Only,Prosecutor,Attorney's Office,Kane,43084,0,34651,,11606,0,8316,17305,0,8663,328,0,1731,13845,0,15941,1,0,1,240,0,0,,,390,0,278,2,1,0,2,0,204,1,5,63,0,95,156,0,27,0,37,39,17,89,27,69,0,13,10,6,0,0,46,43,11,81,94,14,1,0,0,0,5,4,0,0,8,8,55,4,0,0,0,30,0,4,0,0,0,1,0,0,83,1,1,1,0,1,212,215,188,56,190,90,2,12,0,148,0,0,0,18,0,0,76,77,0,6,0,0,0,4,0,0,0,0,307,419,64,12,54,0,1,0,16,78,187,1,0,0,0,0,0,0,0,0,0,,0,0.00
Layton City Attorney's Office,437 N Wasatch Drive,Layton,84041,Utah,41.066179,-111.957699,Government Agencies Only,Prosecutor,Attorney's Office,Davis,116681,0,178089,,4152,0,2229,64827,0,131232,513,0,4714,47186,0,39896,1,0,3,240,0,260,,,1165,0,1165,11,19,38,135,28,768,0,0,97,69,326,673,0,97,69,133,43,141,608,74,0,166,52,22,0,0,0,0,19,0,9,728,3,2,0,0,0,213,0,13,0,0,0,62,0,0,0,0,42,3,23,8,15,5,95,31,0,74,1,1,1,1,1,1165,1155,1186,713,1165,597,0,0,28,597,0,7,91,0,2,22,620,631,0,24,0,0,0,1,2,0,0,2,1165,1922,675,675,125,0,0,7,83,28,228,0,0,0,0,0,0,69617.2,68413.48,110857.58,123721.41,,180474.78,154.91
Legal Aid Society,205 North 400 West,Salt Lake City,84103,Utah,40.764836,-111.902423,Nonprofit Organization Only,Other,Attorney's Office,Salt Lake,947438,0,542615,,20037,0,13147,728112,0,407536,0,0,1972,199289,0,119960,25,0,25,920,0,4894,,,2471,0,2424,0,66,79,394,39,1590,147,104,5,0,388,2036,0,0,0,0,16,403,1824,171,10,0,0,21,0,0,0,0,4,0,0,2330,0,171,0,0,0,0,0,0,0,0,0,48,0,13,0,0,0,1,0,0,0,0,10,220,0,939,1,0,1,0,1,2424,2424,2424,889,474,0,0,0,0,0,0,0,0,0,0,0,939,939,0,0,0,0,0,0,0,0,0,0,939,939,939,0,222,222,0,0,0,0,0,0,0,0,0,0,472623.25,578297.1,587454.71,0,0,,578297.1,234.03
Ogden City Prosecutor's Office,310 26th Street,Ogden,84401,Utah,41.218677,-111.973109,Government Agencies Only,Prosecutor,Attorney's Office,Weber,90135,0,64707,,1451,0,1042,50800,0,36469,0,0,0,37884,0,27191,1,0,1,416,0,600,,,568,0,568,3,3,34,19,6,469,0,0,20,14,236,324,0,5,3,81,23,87,320,47,5,5,98,0,0,0,0,0,13,0,0,441,375,0,0,0,0,31,0,0,0,95,0,11,0,0,0,0,155,1,16,0,3,1,5,9,0,127,1,1,0,0,1,406,403,403,165,32,8,0,0,3,2,0,0,0,0,0,3,0,0,0,0,0,0,0,0,0,0,0,0,435,432,249,164,119,0,5,9,212,5,164,3,0,77262.96,0,0,0,64707.5,76097.94,0,0,,64707.5,113.92
Payson City Attorney's Office,439 West Utah Avenue,Payson,84651,Utah,40.043541,-111.738967,Government Agencies Only,Prosecutor,Attorney's Office,Utah,0,0,71598,,0,0,1722,0,0,43200,0,0,516,0,0,26160,0,0,1,0,0,125,,,197,12,197,4,0,2,36,0,106,0,0,9,40,83,114,0,0,0,50,25,25,86,11,0,0,24,4,0,0,5,1,13,0,7,147,1,3,0,0,0,0,2,3,0,2,0,6,0,5,0,0,6,0,5,3,2,0,5,15,0,30,1,1,1,0,1,115,104,57,23,45,13,1,0,10,0,0,4,0,0,0,1,18,16,0,2,0,0,0,0,0,0,0,0,165,172,12,61,40,0,1,0,12,3,12,0,0,0,0,0,69900.2,71571.51,0,0,0,,71571.51,363.31
Roy City Prosecutor's Office,5051 South 1900 West,Roy,84067,Utah,41.171881,-112.026132,Government Agencies Only,Prosecutor,Attorney's Office,Weber,32893,0,35089,,513,0,693,21785,0,20311,342,0,231,10253,0,13851,1,0,2,400,0,200,,,387,0,339,3,1,14,24,1,264,0,0,30,2,119,206,8,6,0,5,8,92,177,31,23,3,71,2,0,0,0,1,8,0,0,187,4,0,0,0,0,0,0,0,0,45,0,7,0,0,0,0,118,2,0,0,3,0,2,1,0,4,1,1,1,0,1,315,695,308,114,22,7,0,0,7,0,0,0,0,0,0,0,22,6,17,0,0,0,0,0,0,0,0,0,376,773,259,35,17,0,0,0,9,5,92,0,0,0,0,0,57109.68,36389.5,31749.5,0,0,,36389.5,94.03
Salt Lake County District Attorney's Office,2001 S State Street,Salt Lake City,84190,Utah,40.758733,-111.890327,Government Agencies Only,Prosecutor,Attorney's Office,Salt Lake,526631,0,524490,,3510,0,10753,409600,0,356349,2339,0,2678,111178,0,154652,5,0,8,1600,0,1880,,,2612,1,2078,31,35,82,449,62,1258,8,1,152,0,456,1618,1,3,0,49,39,309,1432,148,101,0,156,41,1,2,0,35,20,0,38,1738,0,11,0,0,0,7,29,0,0,24,17,54,3,0,0,0,437,1,36,49,35,1,30,107,1,593,1,1,1,0,1,2365,4178,3429,368,878,2139,0,0,0,3962,0,0,55,0,0,115,2009,1292,2112,0,0,0,0,49,0,0,0,0,2254,3858,754,84,0,0,0,0,1245,0,1147,0,0,0,0,0,0,524010.31,603964.38,0,0,,524010.31,200.62
San Juan County Attorney,297 South Main Street,Monticello,84535-0850,Utah,37.868972,-109.342822,Government Agencies Only,Prosecutor,Attorney's Office,San Juan,0,0,52481,,0,0,7873,0,0,2624,0,0,2624,0,0,39360,0,0,1,0,0,96,,,89,0,89,25,0,2,3,0,55,0,0,4,0,29,60,0,0,0,1,5,5,4,3,71,0,25,1,0,0,2,18,2,0,6,17,3,0,0,0,0,3,1,2,0,2,2,4,2,0,0,0,11,0,2,0,0,0,5,4,0,79,1,1,1,1,1,75,59,73,83,63,55,0,0,47,2,0,1,5,0,3,1,33,31,10,0,0,0,0,2,2,2,0,0,75,63,71,9,15,6,1,1,27,0,9,24,0,0,0,0,0,101562.24,52956.8,0,0,,101562.24,1141.15
Sanpete County Attorney's Office,160 North Main,Manti,84642,Utah,39.267848,-111.636421,Government Agencies Only,Prosecutor,Attorney's Office,Sanpete,110153,0,60113,,23314,0,12623,38797,0,21641,5364,0,3005,42678,0,22844,1,0,1,500,0,500,,,291,0,154,2,2,6,29,6,105,0,0,2,2,65,87,0,0,2,17,26,36,42,16,0,17,55,21,0,0,2,17,24,10,51,45,10,0,0,0,0,36,2,1,0,0,14,16,7,0,0,0,12,0,4,3,2,0,1,7,0,48,1,1,1,0,1,147,190,142,54,52,24,6,5,6,3,0,5,0,0,0,0,52,50,0,2,0,0,0,0,0,0,0,0,202,285,77,60,21,2,1,4,45,6,99,0,0,0,0,0,61567.3,59530.72,62437.58,0,0,,59530.72,204.57
Sevier County Attorney,833 East 300 North,Richfield,84701,Utah,38.772342,-112.071365,Government Agencies Only,Prosecutor,Attorney's Office,"Piute,Sevier",0,0,0,,0,0,0,0,0,0,0,0,0,0,0,0,0,0,0,0,0,0,,,,,,,,,,,,,,,,,,,,,,,,,,,,,,,,,,,,,,,,,,,,,,,,,,,,,,,,,,,,,,,,,,,,,,,,,,,,,,,,,,,,,,,,,,,,,,,,,,,,,,,,,,,,,0,0,0,0,0,0,0,0,0,,0,#DIV/0!
Springville City Attorney's Office,110 South Main Street,Springville,84663,Utah,40.165012,-111.610741,Government Agencies Only,Prosecutor,Attorney's Office,Utah,44949,0,23193,,3721,0,1920,29767,0,15359,595,0,308,10866,0,5606,1,0,1,208,0,104,,,378,0,338,3,0,1,34,3,282,5,10,0,0,113,225,0,0,0,55,25,47,189,22,0,0,9,9,0,0,0,2,29,0,29,231,2,4,0,0,0,1,0,9,0,2,0,24,2,0,0,0,29,1,0,0,0,0,0,3,0,148,1,0,1,1,1,338,281,262,239,277,0,0,0,0,0,0,0,0,0,0,0,338,121,473,0,0,0,0,0,22,0,20,2,338,377,283,32,232,116,0,0,215,37,295,221,0,0,0,0,21296.51,23193.44,26558.69,0,0,,23193.44,61.36
Syracuse City Attorney's Office,1979 West 1900 South,Syracuse,84075,Utah,41.085557,-112.067481,Government Agencies Only,Prosecutor,Attorney's Office,Davis,91824,0,54161,,7814,0,3553,26822,0,26679,1156,0,1777,56026,0,22142,2,0,2,100,0,100,,,291,0,265,1,1,2,25,4,194,1,1,33,3,60,196,0,9,0,7,17,35,176,15,15,0,25,18,0,0,1,1,3,1,17,164,0,0,0,0,0,5,0,0,0,7,0,40,0,0,0,0,15,0,0,0,0,0,1,0,0,19,1,1,1,1,1,260,364,243,153,147,128,0,0,5,245,1,0,0,0,0,0,162,205,20,0,53,0,0,0,3,3,0,0,220,308,34,10,48,2,0,0,222,24,0,0,0,0,0,0,51823.97,54188.8,53804.35,0,0,,54188.8,186.22
Timpanogos Legal Center,3301 N University Lane,Provo,84604,Utah,40.277925,-111.658038,Nonprofit Organization Only,Other,Attorney's Office,All counties,267599,0,243261,,53520,0,21091,149451,0,117179,8847,0,17576,55781,0,87415,5,0,6,1825,0,890,,,1176,2231,989,23,14,13,215,4,553,28,26,113,0,211,744,0,34,0,156,39,61,583,60,90,0,280,114,21,0,1,0,106,0,46,1158,10,14,0,0,0,10,0,1,0,0,1,223,1,0,0,0,1423,7,61,23,0,15,84,326,0,36,1,1,1,1,1,1678,265,285,866,1803,327,0,0,0,0,0,21,0,0,0,327,311,311,0,0,0,0,0,0,32,32,0,0,1753,0,0,71,237,1666,29,53,0,0,0,609,0,0,0,0,164267.65,223472.23,266730.66,0,0,,223472.23,190.03
Uintah County Attorney's Office,152 East 100 North,Vernal,84078,Utah,40.457097,-109.526043,Government Agencies Only,Prosecutor,Attorney's Office,Uintah,127688,0,194130,,19245,0,29120,7940,0,11648,3666,0,5824,96837,0,147538,2,0,4,840,0,780,,,2463,0,1679,146,10,4,37,11,1042,5,1,381,42,630,845,0,104,100,243,127,136,725,144,285,19,211,9,3,0,0,96,106,0,32,260,30,0,0,0,0,28,18,0,0,34,4,6,0,0,0,0,1626,2,0,0,0,2,4,9,0,125,1,1,1,1,1,1336,647,530,106,201,12,0,4,1,7,0,0,0,0,0,0,5,1,4,0,0,0,0,0,0,0,0,0,2119,3812,587,1091,2,1,0,0,166,10,2829,33,0,0,0,0,84241.68,388260.63,201515.38,0,0,,388260.63,157.64
Utah Attorney General's Office,160 E 300 S,Salt Lake City,84114,Utah,40.763059,-111.886618,Government Agencies Only,Other,Attorney's Office,All counties,65946,0,0,,0,0,0,0,0,0,0,0,0,65946,0,0,1,0,0,104,0,0,,,1592,0,1592,0,0,0,0,0,0,0,0,0,1592,0,0,0,0,1592,0,0,0,0,0,0,1592,0,0,8,0,0,0,0,0,0,0,0,0,0,0,0,1549,0,0,0,0,0,0,35,0,0,0,0,0,0,0,0,0,0,0,0,0,1,0,0,0,1,10,10,0,0,10,0,0,0,0,0,0,0,0,0,0,0,0,0,0,0,0,0,0,0,0,0,0,0,1592,0,0,1592,0,0,0,0,0,0,0,0,0,0,0,0,51676.56,0,0,0,0,,0,0.00
Utah County Attorney's Office,100 E Center Street,Provo,84606,Utah,40.23363,-111.656703,Government Agencies Only,Prosecutor,Attorney's Office,Utah,128952,0,77827,,13076,0,16544,11744,0,3795,2740,0,2087,101391,0,55401,2,0,3,200,0,200,,,3623,0,2803,2,20,9,211,11,1181,0,0,1369,0,704,907,0,1192,0,113,112,238,860,122,1358,0,776,186,35,6,0,276,137,27,699,629,58,22,0,0,2,388,66,9,3,14,42,97,158,0,3,0,1483,0,3,0,0,0,0,51,0,639,1,1,0,0,1,2178,2398,1655,180,0,206,0,0,0,204,0,2,4,0,0,51,0,0,0,0,0,0,0,0,0,0,0,0,3620,11711,1814,2253,0,0,0,0,841,0,340,0,0,0,0,0,68531.11,77827.11,80198.5,0,0,,77827.11,21.48
Utah Crime Victims Legal Clinic,3330 South 900 East,Salt Lake City,84106,Utah,40.760674,-111.866247,Nonprofit Organization Only,Other,Attorney's Office,All counties,613322,0,573062,,75760,0,82776,164428,0,159184,103502,0,95510,269632,0,235592,12,0,8,6870,0,3650,,,829,0,606,0,21,36,109,10,333,0,28,69,0,118,488,0,0,0,60,119,168,201,24,32,2,44,126,43,2,1,30,75,7,188,192,4,7,0,0,2,12,37,8,0,1,13,65,49,3,0,0,8,7,15,21,12,10,37,44,0,66,1,1,1,0,1,829,1039,864,372,150,126,0,0,51,23,0,16,24,2,0,10,94,80,0,0,0,0,0,50,0,0,0,0,752,1021,103,205,89,4,0,16,77,48,734,54,119564.31,131705.57,0,0,524375.67,573031.82,599091.1,0,0,,692596.13,835.46
Utah Domestic Violence Legal Services,379 East 760 North,Orem,84057-4115,Utah,40.311118,-111.671235,Nonprofit Organization Only,Other,Attorney's Office,All counties,0,0,244129,,0,0,24413,0,0,24413,0,0,0,0,0,195303,0,0,3,0,0,770,,,154,0,154,0,2,2,14,6,124,0,0,0,6,54,97,0,3,0,21,13,9,90,8,1,12,1,0,2,0,0,0,6,0,2,14,4,0,0,0,0,0,6,0,0,0,0,0,136,0,0,0,0,2,4,0,6,0,1,0,0,7,1,1,1,0,1,154,154,154,154,16,23,0,0,0,6,0,0,17,0,0,0,29,0,60,0,0,0,0,14,0,0,0,0,154,42,0,1,0,45,1,0,0,0,4,550,0,41655.41,0,0,0,235501.46,261113.8,0,0,,235501.46,1529.23
Utah Legal Services,205 North 400 West,Salt Lake City,84103-1125,Utah,40.764836,-111.902423,Nonprofit Organization Only,Other,Attorney's Office,All counties,1347864,0,856342,,26957,0,6065,1253514,0,788417,30686,0,18195,36707,0,43665,27,0,45,600,0,250,,,7577,0,5640,129,58,90,1247,81,3871,148,0,11,5,166,1955,5,3514,0,0,8,325,1697,98,3512,0,1674,77,0,0,0,0,96,0,21,6856,0,148,0,12,3,2,0,0,0,0,0,238,0,2,0,0,0,12,64,215,22,78,380,254,0,2018,1,0,0,0,1,6082,0,650,2384,6082,0,0,0,0,0,0,0,0,0,0,0,0,0,0,0,0,0,0,0,0,0,0,0,7076,0,0,0,3427,3856,0,4,0,0,0,290,0,0,0,0,708736.83,856342.55,899188.3,0,0,,856342.55,113.02
Utah Office of the Attorney General,160 East 300 South,Salt Lake City,84114-0811,Utah,40.763059,-111.886618,Government Agencies Only,Courts,Attorney's Office,All counties,0,0,236636,,0,0,152124,0,0,0,0,0,0,0,0,84512,0,0,5,0,0,100,,,115,0,115,0,0,0,0,0,0,0,0,0,115,0,0,0,0,115,0,0,0,0,0,0,115,0,0,0,0,0,0,0,0,115,0,0,0,0,0,0,0,0,0,0,0,0,0,0,0,0,0,0,0,0,0,0,0,0,0,0,0,1,0,0,0,0,115,115,115,115,115,0,0,0,0,0,0,0,0,0,0,0,0,0,0,0,0,0,0,0,0,0,0,0,0,0,0,0,0,0,0,0,0,0,0,0,0,0,0,0,0,236636.25,236635.65,0,0,,236636.25,2057.71
Wasatch County Attorney,25 N Main Street,Heber,84032,Utah,40.50812,-111.413591,Government Agencies Only,Prosecutor,Attorney's Office,Wasatch,142341,0,83807,,27277,0,18833,84315,0,47083,3452,0,941,27277,0,16950,2,0,2,1248,0,210,,,1110,0,795,6,1,10,149,0,621,0,8,0,0,246,549,0,0,0,183,149,83,351,29,0,0,38,32,16,1,3,1,208,0,190,407,5,49,0,0,0,1,0,3,0,1,4,40,8,5,0,0,98,1,18,22,6,1,32,30,0,264,1,1,1,1,1,625,588,483,557,378,626,1,1,20,229,3,19,123,16,501,86,508,502,6,9,358,108,12,91,6,15,0,0,779,884,128,29,196,74,146,5,302,81,499,6,0,0,0,0,78082.5,83806.51,0,0,0,,83806.51,75.50
Weber County Attorney's Office,2380 Washington Blvd,Ogden,84401,Utah,41.242204,-111.969981,Government Agencies Only,Prosecutor,Attorney's Office,Weber,70265,0,39139,,4840,0,3820,4114,0,2498,723,0,441,60584,0,32380,5,0,5,3264,0,400,,,1723,0,1723,3,10,40,128,1,1444,0,0,97,0,858,865,0,0,0,159,128,341,658,177,260,0,314,34,1,7,13,103,64,23,145,229,53,11,0,0,5,347,35,1,4,33,41,27,14,1,2,0,652,17,49,2,37,11,67,98,0,276,1,1,1,0,1,1723,8571,1723,584,98,109,0,0,0,0,0,0,64,0,2,43,420,375,45,0,0,0,0,10,0,0,0,0,1624,10959,358,373,0,0,0,0,412,5,1053,0,0,0,0,0,0,39139.3,38223.3,0,0,,39139.3,22.72
West Jordan Prosecutor's Office,8000 South Redwood Road,West Jordan,84088,Utah,40.605951,-111.938846,Government Agencies Only,Prosecutor,Attorney's Office,Salt Lake,71415,0,68995,,824,0,2760,62673,0,50194,1318,0,0,6594,0,16035,2,0,2,800,0,400,,,1489,0,1489,16,29,32,301,26,1034,3,1,47,0,378,1089,4,18,0,24,32,236,1092,90,15,0,31,14,4,0,0,0,31,0,21,1153,3,1,0,1,1,0,1,0,0,0,3,108,1,0,56,0,67,0,6,0,2,0,3,4,0,195,1,1,1,1,1,837,1084,1021,377,360,327,4,0,8,351,0,32,6,0,5,2,236,178,8,73,7,0,0,4,3,3,0,0,501,747,131,15,98,0,12,15,13,4,23,0,29864.61,0,0,0,0,62052.51,76708.36,0,0,,91917.12,61.73
West Valley City Prosecutor's Office,3575 Market Street,West Valley City,84119,Utah,40.694611,-111.959153,Government Agencies Only,Prosecutor,Attorney's Office,Salt Lake,289895,80097,329788,,8153,4005,10795,185713,40048,223390,18119,12015,17720,77910,24029,77851,7,7,7,208,520,1040,,,4420,25,2531,39,61,75,808,77,1453,14,4,0,0,625,1905,1,0,0,65,75,407,1831,153,0,0,210,157,7,4,0,1,43,0,119,3297,17,55,1,0,3,0,3,8,0,4,25,390,22,30,0,0,49,3,39,119,37,59,218,236,0,955,1,1,1,1,1,2916,2157,1278,879,2525,805,19,6,412,1328,0,88,46,15,42,0,2119,1994,37,317,0,0,0,53,76,0,0,76,2157,2157,274,283,0,0,4,24,325,418,1384,0,0,0,0,0,0,206877.9,209500.91,122910.3,116968.4,,329788.2,74.61
Davis County Attorney's Office,800 W State St,Farmington,84025,Utah,40.980545,-111.896333,Government Agencies Only,Prosecutor,Attorney's Office,Davis,212650,0,0,,29240,0,0,10631,0,0,2935,0,0,169844,0,0,2,0,0,240,0,0,,,2216,0,1858,5,3,13,59,5,1129,1,1,261,381,729,737,0,392,0,99,112,239,542,102,760,4,212,31,2,3,23,191,183,15,149,169,52,1,0,0,0,605,24,5,0,8,45,34,4,0,1,0,1011,0,0,0,0,0,0,0,0,357,1,1,0,0,1,1327,927,1164,349,0,0,0,0,0,0,0,0,0,0,0,0,0,0,0,0,0,0,0,0,0,0,0,0,686,5165,370,387,52,0,0,0,258,0,346,0,0,0,0,0,124216.32,123984.65,128038.2,0,0,,123984.65,55.95
Cache County CJC,1362 N 400 W,Logan,84341-2260,Utah,41.75717,-111.844137,Government Agencies Only,Other,CJC,"Box Elder,Cache,Rich",0,0,250065,,0,0,221933,0,0,9377,0,0,0,0,0,18755,0,0,2,0,0,400,,,559,2406,433,8,0,2,47,3,280,5,2,86,0,134,257,2,40,0,230,150,3,9,0,41,0,0,0,17,0,9,0,74,2,420,20,0,0,0,0,7,0,0,0,0,0,0,0,3,0,0,0,2450,0,0,0,2,0,2,3,0,129,1,1,1,0,1,1807,386,385,1829,686,509,1,48,248,1046,105,60,0,158,1,7,203,22,0,0,416,0,0,17,0,0,0,0,135,0,0,0,0,0,0,0,0,135,1,0,0,0,0,0,223513.8,202506.87,139521.92,0,0,,202506.87,362.27
Carbon County CJC,751 E 100 N,Price,84501,Utah,39.601004,-110.809194,Government Agencies Only,Other,CJC,"Carbon,Emery",0,18949,92436,,0,14212,63549,0,4737,23109,0,0,0,0,0,5776,0,2,4,0,408,520,,,183,302,130,0,0,1,12,0,111,0,2,4,0,39,91,0,0,0,71,55,2,2,0,0,0,0,0,0,0,0,0,49,0,107,5,1,1,0,0,0,0,0,0,0,0,0,0,1,0,0,0,331,0,0,0,0,0,0,0,0,0,1,1,1,0,1,58,9,43,28,12,25,0,0,0,31,0,0,0,0,1,0,141,46,0,0,592,0,0,4,0,0,0,0,6,0,1,0,0,0,0,0,0,0,5,0,0,0,0,0,23859.13,91802.41,99478.84,0,0,,91802.41,501.65
Davis County CJC,98 South 100 East,Farmington,84025,Utah,40.978957,-111.885452,Government Agencies Only,Other,CJC,Davis,55659,0,28880,,55024,0,28783,0,0,97,0,0,0,635,0,0,2,0,2,208,0,208,,,1090,700,993,2,2,21,96,2,734,2,9,125,0,241,639,0,113,0,225,192,21,413,13,129,0,0,0,0,0,0,0,92,2,1011,8,0,0,0,0,0,0,1,0,0,0,0,1,0,0,0,0,688,2,0,0,0,0,0,0,0,344,1,1,1,0,1,906,379,348,435,129,3,0,0,0,0,0,0,2,0,0,1,188,190,0,0,0,0,0,0,0,0,0,0,949,0,0,0,0,0,0,0,0,0,1095,0,0,0,0,0,26783.54,28878.51,30382.75,0,0,,28878.51,26.49
Duchesne County CJC,136 North 500 West,Roosevelt,84066-0000,Utah,40.301584,-110.000511,Government Agencies Only,Other,CJC,Duchesne,0,0,83164,,0,0,58440,0,0,8991,0,0,0,0,0,15733,0,0,1,0,0,125,,,253,0,173,30,0,0,5,0,130,1,7,0,0,64,109,0,0,0,92,54,3,19,2,3,0,0,0,0,0,0,0,105,5,138,23,0,0,0,0,0,0,0,0,0,0,0,0,0,3,0,0,11,0,0,0,0,0,0,0,0,31,1,1,1,0,1,80,4,0,24,72,117,0,0,53,0,16,0,0,110,0,0,156,68,0,0,453,0,0,0,0,0,0,0,41,0,0,0,0,0,0,0,0,41,0,0,0,0,0,0,38325.79,83164.42,85613.39,0,0,,83164.42,328.71
Grand County CJC,125 E Center Street,Moab,84532,Utah,38.573362,-109.545886,Government Agencies Only,Other,CJC,San Juan,0,46004,0,,0,20702,0,0,13801,0,0,2300,0,0,9201,0,0,1,0,0,4,0,,,52,0,52,28,0,0,3,0,21,0,0,0,0,13,38,0,0,1,10,5,14,10,2,11,0,14,3,2,0,0,5,6,0,3,18,0,1,0,0,0,1,0,0,0,2,0,0,10,0,0,0,10,0,0,0,0,0,2,4,0,50,1,1,1,1,1,52,42,38,45,28,18,0,1,3,24,0,0,6,0,0,1,15,15,0,0,0,0,0,0,0,0,0,0,44,32,31,7,0,0,0,0,14,14,0,0,0,0,0,0,61865.5,0,0,0,0,,0,0.00
Iron County CJC,545 South 225 East,Cedar City,84721,Utah,37.670378,-113.057838,Government Agencies Only,Other,CJC,"Beaver,Iron,Kane",254888,0,584745,,136036,0,319692,31468,0,81376,0,0,0,87384,0,183677,0,0,5,820,0,250,,,1498,2349,1113,40,4,4,104,10,922,8,20,1,0,380,732,0,0,1,398,246,30,415,23,1,0,0,4,70,0,77,0,438,31,647,226,14,0,0,0,4,0,4,1,2,3,0,0,5,0,0,0,2664,0,22,0,14,11,41,19,356,697,1,1,1,1,1,917,752,795,952,987,1178,2,107,197,2341,121,0,416,260,9,8,1334,2387,46,0,2271,76,25,17,0,0,0,0,483,328,4,0,146,87,6,0,4,82,470,0,0,0,0,0,517899.97,584744.88,0,0,0,,584744.88,390.35
Juab/Millard County Children's Justice Center,240 N Main Street,Nephi,84648-1412,Utah,39.712054,-111.83604,Government Agencies Only,Other,CJC,"Juab,Millard",0,0,96137,,0,0,96137,0,0,0,0,0,0,0,0,0,0,0,1,0,0,104,,,103,170,72,0,0,0,8,0,57,0,7,0,0,17,55,0,0,0,33,7,3,25,3,1,0,0,0,0,0,0,0,17,0,47,6,0,0,0,0,0,0,0,0,0,0,0,0,0,0,0,0,223,0,0,0,0,0,0,0,0,24,1,1,1,0,1,124,34,31,47,87,45,0,0,2,0,0,0,0,44,0,0,47,30,0,0,0,17,0,0,0,0,0,0,27,0,0,0,0,0,0,0,1,24,2,0,0,0,0,0,0,0,0,0,0,,0,0.00
Salt Lake County CJC,8282 South 2200 West,West Jordan,84088,Utah,40.573211,-111.948208,Government Agencies Only,Other,CJC,Salt Lake,67121,0,77675,,65054,0,64063,899,0,8899,20,0,0,1148,0,4712,12,0,2,910,0,520,,,1128,0,850,9,7,15,162,22,507,11,56,61,0,244,605,0,0,1,210,191,33,403,0,13,0,0,3,0,0,0,0,177,0,629,21,0,0,0,0,1,0,1,2,0,0,0,0,0,0,0,0,294,0,0,0,0,0,0,0,0,463,1,1,1,0,0,818,407,0,404,133,327,0,0,265,0,0,0,0,111,0,71,8,0,0,0,0,0,0,8,0,0,0,0,0,0,0,0,0,0,0,0,0,0,0,0,0,0,0,0,64585.14,77674.99,98265.61,0,0,,77674.99,68.86
Sanpete County Children's Justice Center,160 North Main,Manti,84642-1268,Utah,39.267848,-111.636421,Government Agencies Only,Other,CJC,Sanpete,0,0,53887,,0,0,40603,0,0,3760,0,0,0,0,0,9524,0,0,1,0,0,104,,,112,3,109,3,0,1,6,0,94,2,2,1,0,33,76,0,0,0,39,29,2,31,3,5,0,0,0,0,0,0,0,34,0,74,3,0,0,0,0,0,0,0,0,0,0,0,0,0,0,0,0,7,0,0,0,0,0,0,3,1,28,1,1,1,1,1,45,12,1,9,23,29,0,0,0,29,1,0,0,0,0,0,55,46,0,0,9,0,0,0,0,0,0,0,53,0,1,0,0,0,0,0,1,51,0,0,0,0,0,0,0,53887,80858.81,0,0,,53887,481.13
Sevier County Children's Justice Center,58 East 300 North,Richfield,84701,Utah,38.772201,-112.08373,Government Agencies Only,Other,CJC,"Piute,Sevier,Wayne",0,0,231977,,0,0,80640,0,0,27616,0,0,13256,0,0,110465,0,0,2,0,0,52,,,402,0,273,0,1,1,7,1,88,3,2,0,170,32,73,0,0,168,31,33,14,5,0,0,190,6,0,1,0,69,2,9,0,156,19,0,0,0,0,0,0,0,0,0,2,0,3,1,0,0,0,172,0,0,0,0,0,0,0,0,12,1,1,1,0,1,133,44,31,43,15,23,1,0,1,21,0,0,0,0,0,0,229,92,0,0,175,0,0,0,0,0,0,0,29,10,3,7,9,0,0,0,2,9,0,0,0,0,0,0,48328.27,231975.76,0,0,0,,231975.76,577.05
Summit County Children's Justice Center,1885 W Ute Blvd.,Park City,84098,Utah,40.72368,-111.546008,Government Agencies Only,Other,CJC,Summit,0,0,31310,,0,0,30398,0,0,0,0,0,0,0,0,912,0,0,1,0,0,120,,,96,254,84,0,0,0,26,0,58,0,0,0,0,32,52,0,0,0,38,41,5,0,0,0,0,0,0,1,0,1,0,41,2,41,10,0,0,0,0,0,0,0,0,0,0,0,0,0,5,0,0,250,0,0,0,0,0,0,0,0,6,1,1,1,0,1,294,276,39,10,7,66,1,0,66,0,1,0,0,0,0,10,38,9,0,0,246,25,0,1,0,0,0,0,2,1,0,0,0,0,0,0,2,0,0,0,0,0,0,0,120435,31308.4,74665,0,0,,31308.4,326.13
Tooele County CJC,25 South 100 East,Tooele,84074,Utah,40.528698,-112.295519,Government Agencies Only,Other,CJC,Tooele,58787,0,95922,,54983,0,83932,864,0,0,0,0,0,2940,0,11990,3,0,3,180,0,1200,,,653,6,513,0,0,6,31,19,429,11,9,5,3,172,341,0,0,0,202,74,8,211,11,4,3,0,0,1,0,0,0,122,32,542,13,0,0,0,0,2,0,3,0,0,0,0,0,0,0,0,0,0,0,0,0,2,0,8,0,0,435,1,1,1,0,1,396,402,389,252,128,365,0,1,144,362,6,0,0,0,0,0,235,239,1,0,0,0,0,0,0,0,0,0,122,6,1,0,3,0,0,0,0,113,1,0,0,0,0,0,94289.76,95918.9,87970.97,0,0,,95918.9,146.89
Uintah County Children's Justice Center,167 South 200 West,Vernal,84078,Utah,40.453748,-109.532083,Government Agencies Only,Other,CJC,"Daggett,Uintah",0,58440,220157,,0,52596,191933,0,2922,16933,0,0,0,0,2922,11291,0,4,5,0,220,600,,,827,0,534,17,0,0,13,0,482,0,13,9,0,156,377,1,0,0,182,112,8,205,5,22,0,0,10,0,0,0,0,336,0,359,98,0,0,0,0,0,0,3,0,0,0,0,0,3,0,0,0,111,0,0,0,2,0,3,0,0,135,1,1,1,0,1,441,403,141,410,142,498,0,1,94,741,45,0,0,92,0,0,500,363,0,0,708,68,0,10,0,0,0,0,156,15,0,1,68,0,0,0,5,98,21,0,0,0,0,0,0,0,0,0,0,,0,0.00
Utah County CJC/FJC,315 South 100 East,Provo,84606,Utah,40.229409,-111.656772,Government Agencies Only,Other,CJC,"Juab,Millard,Utah",692814,0,794529,,538032,0,583707,121307,0,171678,4280,0,6868,29194,0,32276,19,0,20,14040,0,4560,,,3172,548,2817,26,12,27,485,29,2082,19,87,50,0,907,1910,0,0,0,976,453,91,1191,69,37,0,46,66,40,0,4,0,371,15,2558,883,0,12,0,0,6,10,9,3,0,0,1,84,5,4,0,0,2,9,13,52,9,2,44,269,0,1167,1,1,1,0,1,3287,1681,1347,8634,4513,2099,0,75,818,399,30,2,0,2017,6,269,3031,1855,11,0,706,6234,0,69,0,0,0,0,977,6,1,3,24,7,26,0,2,528,444,0,0,0,0,0,708143.75,830423.89,930913.47,0,0,,830423.89,261.80
Wasatch County CJC,1540 East 980 South,Heber City,84032,Utah,37.09977,-113.573123,Government Agencies Only,Other,CJC,Wasatch,0,0,0,,0,0,0,0,0,0,0,0,0,0,0,0,0,0,0,0,0,0,,,,,,,,,,,,,,,,,,,,,,,,,,,,,,,,,,,,,,,,,,,,,,,,,,,,,,,,,,,,,,,,,,,,,,,,,,,,,,,,,,,,,,,,,,,,,,,,,,,,,,,,,,,,,0,0,0,0,0,0,0,0,0,,0,#DIV/0!
Washington County CJC,463 East 500 South,St. George,84770,Utah,37.100038,-113.573527,Government Agencies Only,Other,CJC,Washington,29953,66086,235753,,28833,63205,181138,0,170,18535,0,0,0,1120,2711,36080,1,3,2,250,72,300,,,921,11,733,16,8,7,71,6,557,1,31,36,0,247,486,0,0,0,217,167,180,159,8,2,0,0,0,1,1,6,0,136,55,822,35,0,0,0,0,12,0,7,0,0,0,0,1,7,16,0,0,137,0,0,0,2,0,67,32,0,37,1,1,1,0,1,401,271,197,366,251,317,18,46,122,12,136,0,5,129,1,47,383,269,0,0,404,47,0,3,0,0,0,0,223,25,3,51,20,1,0,1,0,162,11,0,0,0,0,0,177524.32,236752.48,297370.36,0,0,,236752.48,257.06
Weber Morgan Children's Justice Center,2408 Van Buren Avenue,Ogden,84401,Utah,41.222241,-111.950831,Government Agencies Only,Other,CJC,"Morgan,Weber",68849,0,230737,,61316,0,190729,4380,0,9829,0,0,0,3153,0,30179,2,0,6,104,0,104,,,2278,1,1705,1,0,16,114,1,1230,0,29,250,64,577,1126,0,1,1,528,323,34,691,18,111,0,1,2,1,0,0,0,376,14,1496,85,0,0,0,0,0,0,0,0,0,1,0,1,0,0,0,0,401,3,0,0,0,0,7,0,0,649,1,1,1,0,1,1176,1150,1145,1153,1158,1078,2,336,554,2,499,0,1,2,19,14,1415,1490,0,0,880,0,0,13,0,0,0,0,1122,0,0,0,0,0,1,0,1,406,1335,0,0,0,0,0,246430.83,230652.51,243072.29,0,0,,230652.51,101.25
Utah Coalition Against Sexual Assault,284 West 400 North,Salt Lake City,841031294,Utah,40.778121,-111.899155,Nonprofit Organization Only,"Sexual Assault Services organization (e.g., rape crisis center)",Coalition,All counties,0,34000,693181,,0,1700,0,0,0,0,0,29920,693181,0,2380,0,0,8,11,0,2100,2520,,,31,0,29,0,0,0,3,0,25,0,1,0,0,5,24,0,0,0,11,5,2,9,1,1,0,0,3,2,0,0,0,0,0,8,1,0,0,0,0,0,0,0,0,0,0,0,0,0,0,0,0,17,1,3,0,0,0,0,0,0,1,1,1,1,0,1,31,7,10,20,15,1,0,0,0,1,0,0,0,0,0,0,11,5,1,0,0,0,19,0,0,0,0,0,0,0,0,0,0,0,0,0,0,0,0,0,214681.72,192661.31,0,0,230741.56,690153.57,0,0,0,,904835.29,29188.24
Utah Domestic Violence Coalition,124 South 400 East,Salt Lake City,84111,Utah,40.76638,-111.880111,Nonprofit Organization Only,"Coalition (e.g., state domestic violence or sexual assault coalition)",Coalition,All counties,88601,0,96521,,859,0,2413,77619,0,80112,860,0,965,9263,0,13029,3,0,10,1585,0,1857,,,1712,0,1712,0,0,0,0,0,0,0,0,0,1712,114,573,2,1023,0,0,0,0,0,0,0,1712,33,31,6,1,79,3,75,2,23,733,2,9,0,2,5,10,2,8,0,1,2,98,6,1,0,0,580,0,0,0,2,0,0,38,1,0,1,0,1,0,0,798,110,60,480,466,0,0,0,0,0,0,0,0,0,0,0,1028,0,1028,0,0,0,0,0,0,0,0,0,0,0,0,0,0,0,0,0,0,0,0,0,0,0,0,0,54978.69,80474.65,111331.27,0,0,,80474.65,47.01
Canyon Creek Womens Crisis Center,535 S Main St,Cedar City,84720,Utah,37.667784,-113.062133,Nonprofit Organization Only,Organization Provides Domestic and Family Violence and Sexual Assault Services,DV/SA,"Beaver,Garfield,Iron",811326,0,910476,,72413,0,67164,428216,0,452821,184956,0,272603,45144,0,117888,24,0,15,5520,0,7134,334094,0.193265967,1291,85,0,0,0,0,0,0,0,0,0,0,0,0,0,0,0,0,0,0,0,0,0,0,0,0,233,42,0,0,0,157,0,86,1052,0,19,0,0,27,0,0,0,0,0,0,192,3,8,0,0,0,47,249,34,46,10,242,23,0,61,1,1,1,1,1,732,246,99,259,1320,1076,12,32,40,5627,0,19,35,0,56,39,1042,6478,1828,0,0,761,0,248,400,5811,0,214,204,64,9,0,87,21,10,2,13,9,221,2,0,0,23005.81,23936.97,552038.95,712679.52,0,145190.37,0,,880875.7,682.32
CAPSA,308 West 1000 North,Logan,84321,Utah,41.750194,-111.841846,Nonprofit Organization Only,Organization Provides Domestic and Family Violence and Sexual Assault Services,DV/SA,"Cache,Rich",835638,51692,859640,870647,0,4135,41038,648368,31532,532021,175194,2068,262786,8407,13957,23793,39,39,50,12021,3085,17500,419894,0.194651507,3159,0,1312,24,10,21,258,10,839,0,0,150,0,177,1114,11,10,0,38,33,189,909,57,86,0,0,418,13,0,0,0,31,0,53,2813,0,0,0,1,9,0,0,0,0,0,0,41,0,9,0,0,0,9,55,202,60,42,355,204,0,174,1,1,1,1,1,682,78,221,92,1549,323,0,44,266,470,0,240,0,0,0,0,3159,658,2337,98,2152,98,0,0,328,6091,0,58,196,20,0,150,132,0,0,14,0,209,0,0,53908.14,56395.2,33077.22,38526.48,534954.62,870647.21,860627.96,0,0,,957632.57,303.14
Center for Women and Children in Crisis,1433 East 840 North,Orem,84097,Utah,40.312847,-111.661714,Nonprofit Organization Only,Organization Provides Domestic and Family Violence and Sexual Assault Services,DV/SA,"Juab,Utah",636416,285186,832895,,0,0,2480,197689,259519,595982,411646,11407,202203,27081,14260,32230,7,2,28,22927,3330,8594,352532,0.404777439,1867,1489,1252,17,9,18,108,16,466,0,18,495,105,174,885,3,73,117,119,89,180,314,7,436,107,24,1441,22,0,16,1,6,0,32,1791,0,0,0,0,4,1,1,1,6,2,4,12,0,12,0,0,13,7,172,21,11,3,102,79,0,305,1,1,1,1,1,2151,524,634,756,1341,921,245,241,102,408,0,0,37,72,212,56,2081,474,1123,291,659,226,0,296,319,199,1,234,139,77,14,97,27,13,5,4,5,4,2,0,14214.44,0,42088.5,46193.6,997096.87,584315.83,604916.63,249484.48,254992.1,,890103.25,476.76
DCCAV-Safe Harbor,280 West Union Avenue,Farmington,84025,Utah,40.985433,-111.908112,Nonprofit Organization Only,Organization Provides Domestic and Family Violence and Sexual Assault Services,DV/SA,Davis,887817,0,943504,,63300,0,23268,487827,0,346606,273086,0,375711,63604,0,197919,22,0,25,7190,0,9045,450124,0.268194986,3771,55,3004,76,17,150,337,15,960,0,41,1122,286,678,1631,21,543,131,171,127,773,954,52,730,197,577,1342,96,0,595,0,97,11,105,1857,0,6,0,4,18,0,7,10,0,0,0,317,0,0,0,0,74,41,405,37,52,14,300,47,0,195,1,1,1,1,1,999,552,35,846,2116,1361,14,38,0,11436,36,20,1,45,68,27,2435,5733,2072,9,865,1468,5,403,209,872,0,740,696,322,252,5,1359,46,0,0,4,34,758,0,12333.88,0,36561.23,38540.15,629632.25,818831.54,860277.96,148443.9,150774.15,,1016170.55,269.47
DOVE Center,1240 East 100 South,St. George,84790,Utah,39.545337,-111.43792,Nonprofit Organization Only,Organization Provides Domestic and Family Violence and Sexual Assault Services,DV/SA,"Kane,Washington",367766,151984,436469,,26210,19758,31814,197709,115508,247139,108451,7599,104766,35396,9119,52748,13,13,3,3496,680,2184,229440,0.346439156,1134,47,1084,32,7,18,112,5,436,0,26,448,0,112,918,2,52,0,89,17,101,605,29,243,0,284,170,13,0,0,0,61,0,63,910,0,31,0,0,11,0,0,0,0,0,0,128,2,2,0,0,404,9,141,17,15,6,106,36,0,266,1,1,1,1,1,1084,103,183,81,1639,271,9,9,3,743,0,0,26,3,541,0,618,499,456,0,266,413,0,690,295,10678,0,11,13,0,0,0,17,0,15,0,0,0,0,0,22776,34951.18,31179.2,33913.77,204448.19,287397.66,303312.8,152920.27,157377,,494273.13,435.87
New Hope Crisis Center,435 East 700 South,Brigham City,84302,Utah,41.495973,-112.014005,Nonprofit Organization Only,Organization Provides Domestic and Family Violence and Sexual Assault Services,DV/SA,Box Elder,273402,0,164635,,14232,0,12248,184194,0,102057,41056,0,29512,33920,0,1255,18,0,9,2686,0,3277,349226,0.131444967,848,0,575,7,2,8,72,0,434,0,2,48,2,118,457,0,0,0,56,13,55,400,13,38,0,88,41,3,0,6,1,57,0,26,538,1,0,0,0,2,0,0,0,0,26,3,79,5,0,0,0,26,1,11,7,0,2,10,11,0,244,1,1,1,1,1,692,378,186,84,338,459,2,0,1,535,0,0,0,0,4,1,522,543,264,39,0,11,0,3,41,41,0,17,334,334,181,87,30,11,4,0,63,10,149,9,42385.6,43652.33,32728.67,33626.2,179799.93,164418.52,0,0,0,,239532.79,282.47
New Horizon's Crisis Center,145 East 100 North,Richfield,84701,Utah,38.769537,-112.08213,Nonprofit Organization Only,Domestic and Family Violence Organization,DV/SA,"Millard,Piute,Sanpete,Sevier,Wayne",864408,157327,972497,,64199,25172,16358,610529,86530,612916,86846,17306,202212,102834,28319,141011,21,24,18,16792,1800,20800,435970,0.096380485,563,0,523,6,0,12,81,3,414,0,6,1,0,90,433,0,0,0,36,38,156,274,14,5,0,4,76,5,0,0,6,9,0,6,443,0,11,0,0,1,1,0,1,0,0,11,4,0,5,0,0,0,1,150,20,0,0,35,61,0,154,1,1,1,1,1,552,307,208,678,3118,563,53,19,1,348,0,54,105,75,2351,288,513,628,359,101,384,220,211,380,150,5309,0,125,101,110,10,10,93,1,5,10,2,0,37,0,54409.14,77979.5,27714.41,29900.77,617053.54,718838.29,746394,253756,251846.93,,1054717.84,1873.39
"Peace House, Inc.",700 Round Valley Drive,Park City,84068,Utah,40.683078,-111.466464,Nonprofit Organization Only,Domestic and Family Violence Organization,DV/SA,"Summit,Wasatch",271253,0,308235,,0,0,0,271253,0,308235,0,0,0,0,0,0,15,0,16,1200,0,212,158403,0.060396583,371,595,237,4,1,6,41,0,85,3,32,31,34,61,152,23,1,0,43,7,8,112,1,66,0,0,47,2,0,0,0,25,0,16,946,0,0,1,0,1,0,0,0,0,0,0,14,2,5,0,0,0,0,132,67,10,0,8,76,0,216,1,1,1,1,0,886,1013,568,232,127,169,0,0,112,97,0,41,35,5,83,17,205,95,322,0,211,99,0,60,136,132,0,47,0,0,0,0,0,0,0,0,0,0,0,0,28943.99,62030.5,27250.99,41778.56,215669.96,197105.92,197106.2,111125.71,149955.16,,364426.61,982.28
Rape Recovery Center,2035 South 1300 East,Salt Lake City,84105,Utah,40.72634,-111.853551,Nonprofit Organization Only,"Sexual Assault Services organization (e.g., rape crisis center)",DV/SA,"Salt Lake,Utah,Weber",502555,0,542944,,12961,0,0,0,0,0,351927,0,396037,137667,0,137996,23,0,38,3480,0,9502,,,2200,876,890,21,22,28,149,12,573,10,33,42,0,66,785,39,0,0,0,55,287,510,9,29,0,201,2104,942,0,0,0,0,0,220,0,0,0,0,0,0,0,0,0,0,0,0,0,0,0,0,0,0,0,115,11,310,11,802,76,0,524,1,1,1,0,0,1807,921,740,1074,750,941,178,723,0,466,0,0,57,0,0,0,2390,1477,876,0,1601,863,0,0,0,0,0,0,0,0,0,0,0,0,0,0,0,0,0,0,0,0,79361.22,80496.4,267613.74,465614.3,573533.4,0,0,,544975.52,247.72
Seekhaven,81 North 300 East,Moab,84532,Utah,38.57615,-109.544888,Nonprofit Organization Only,Organization Provides Domestic and Family Violence and Sexual Assault Services,DV/SA,"Emery,Grand,San Juan",433225,61171,554763,,7699,9787,16198,376030,23857,317415,12975,9787,104944,36521,17740,116206,11,11,11,2450,0,4804,223492,0.105972473,526,258,405,127,1,2,29,5,220,0,4,10,7,61,331,2,9,2,28,6,36,242,21,72,0,98,111,50,3,15,0,46,0,50,270,3,0,0,0,1,0,6,5,0,1,0,52,1,6,0,0,406,5,46,10,5,8,98,8,0,63,1,1,1,1,1,327,86,44,283,2085,270,11,7,12,848,0,0,85,21,317,3,476,560,411,8,619,158,2,416,178,1755,0,477,134,62,18,101,127,168,8,0,6,14,53,35,30680.78,49860.8,29071.68,37373.6,287264.25,437443.46,441571.15,130995.69,131190.3,,628191.61,1194.28
South Valley Services,8000 South Redwood Road,West Jordan,84084,Utah,40.605951,-111.938846,Nonprofit Organization Only,Organization Provides Domestic and Family Violence and Sexual Assault Services,DV/SA,Salt Lake,748432,0,493267,,4479,0,2104,631913,0,448725,85817,0,30209,26223,0,12227,28,0,38,6132,0,1950,349537,0.065323557,1143,23,1143,7,5,18,126,4,125,0,0,582,276,123,558,0,388,74,208,25,166,719,25,0,0,15,18,2,0,0,0,2,0,4,1129,0,0,0,6,15,1,3,0,0,3,4,11,1,0,0,0,0,3,306,4,7,1,11,238,0,415,1,1,1,1,1,386,371,335,585,752,346,0,0,0,492,0,238,0,604,330,109,1089,204,1961,0,432,163,0,7248,332,10883,0,0,26,0,0,0,0,0,0,0,0,0,0,26,17906,0,0,0,641134.33,496526.39,506853.94,0,0,,514432.39,450.07
Utah State University-SAAVI Program,9105 Old Main Hill,Logan,84322,Utah,41.742455,-111.808957,Campus Organizations Only,Campus-based victims services,DV/SA,Cache,21796,0,125784,,0,0,0,807,0,7863,14265,0,78616,6724,0,39305,4,0,5,1140,0,720,,,151,11,126,1,2,8,9,2,83,0,5,16,0,14,107,0,5,0,0,0,106,15,0,5,0,0,106,11,0,3,0,0,0,2,29,0,0,0,0,0,0,0,0,0,0,0,18,0,0,0,0,3,1,3,0,7,1,0,0,0,14,1,1,1,1,0,114,86,7,60,25,101,0,0,35,21,0,0,62,1,1,0,51,72,4,0,18,13,0,5,2,0,1,1,0,0,0,0,0,0,0,0,0,0,0,0,0,139017.11,0,0,31975.33,118467.12,0,0,0,,118467.12,784.55
Valley Behavioral Health,550 West 700 South,Murray,84157,Utah,40.754498,-111.906719,Nonprofit Organization Only,Domestic and Family Violence Organization,DV/SA,Tooele,153248,0,131060,,58163,0,47064,41391,0,38723,3136,0,2980,50558,0,42292,10,0,11,832,0,154,103339,0,206,0,206,4,3,8,13,1,158,0,6,13,0,44,162,0,0,0,25,19,22,120,10,10,0,14,6,3,0,7,4,17,3,20,135,1,0,0,0,1,2,1,0,0,0,0,29,0,2,0,0,0,1,15,1,0,0,29,4,0,150,1,1,1,1,1,195,186,183,90,114,32,4,1,23,12,0,1,3,0,1,0,199,150,58,25,117,54,87,8,45,45,0,1,125,113,28,7,69,0,1,0,11,19,93,1,44636.49,48548.57,0,0,126728.21,131059.9,0,0,0,,175696.39,852.90
Your Community Connection,2261 Adams Avenue,Ogden,84401,Utah,41.22565,-111.967642,Nonprofit Organization Only,Organization Provides Domestic and Family Violence and Sexual Assault Services,DV/SA,"Morgan,Weber",872903,188902,808499,,5592,0,7957,575553,162220,475424,240795,26682,237447,50963,0,87671,29,29,33,7844,600,5650,498085,0.391391028,2190,0,2190,47,7,77,427,10,912,71,195,0,444,280,1819,0,91,0,165,39,291,1459,108,45,83,203,188,15,10,7,0,14,1,91,1625,0,10,0,0,2,0,0,0,0,0,1,21,1,1,0,0,0,19,47,58,47,8,243,103,0,608,1,1,1,1,1,1996,1269,2334,1229,2742,558,75,52,90,456,0,51,60,190,78,217,1794,1842,631,130,360,226,1212,378,601,8904,23,250,1146,460,25,267,204,234,277,28,96,39,1967,78,0,0,52500,0,455575.89,553744.78,565924.23,250000,249924.7,,856244.78,390.98
YWCA Utah,322 East 300 South,Salt Lake City,84111,Utah,40.762447,-111.881784,Nonprofit Organization Only,Domestic and Family Violence Organization,DV/SA,Salt Lake,529382,291254,382411,,0,0,0,529382,291254,382411,0,0,0,0,0,0,80,80,56,3640,1165,1300,291815,0,1980,2554,1316,61,65,183,447,27,460,20,44,6,3,275,1034,6,1,0,435,68,98,706,9,0,0,0,11,0,0,0,0,0,0,0,4522,0,0,0,0,3,0,0,0,0,0,0,4,0,0,0,0,0,0,282,263,6,5,154,267,0,37,1,1,1,1,1,295,35,0,0,774,1404,0,0,0,7692,0,7,46,545,390,36,2780,540,2244,0,0,0,0,105,1407,57182,0,10,113,0,0,66,0,0,197,0,0,0,0,0,54015.36,85409.18,0,0,298415.82,518958.61,268468.66,150000,150013.97,,722973.97,365.14
Catholic Community Services of Utah,745 East 300 South,Salt Lake City,84102-2256,Utah,40.763302,-111.869436,Nonprofit Organization Only,Other,Other,All counties,0,0,55351,,0,0,4920,0,0,49201,0,0,1230,0,0,0,0,0,2,0,0,60,,,25,0,24,0,0,0,24,0,0,0,0,0,0,6,18,0,0,0,1,0,0,22,1,0,0,4,1,3,0,0,0,1,0,1,15,0,0,0,0,0,0,0,0,0,0,0,0,0,0,0,0,0,0,0,25,0,0,0,18,0,10,1,0,0,0,1,6,0,0,6,0,0,0,0,0,0,0,0,0,0,0,0,0,0,0,0,0,0,0,0,0,0,0,0,25,0,0,0,0,0,0,25,0,0,0,0,0,0,0,0,0,49206.37,0,0,0,,49206.37,1968.25
Child and Family Support Center/The Family Place,1525 North 200 West,Logan,84341,Utah,41.759988,-111.839267,Nonprofit Organization Only,Other,Other,"Cache,Rich",641483,0,666065,,247529,0,225379,198100,0,209575,70563,0,94373,125291,0,136737,9,0,18,8007,0,6862,,,,,,,,,,,,,,,,,,,,,,,,,,,,,,,,,,,,,,,,,,,,,,,,,,,,,,,,,,,,,,,,,,,,,,,,,,,,,,,,,,,,,,,,,,,,,,,,,,,,,,,,,,,,,0,0,0,0,456309.01,666065,0,0,0,,666065,#DIV/0!
Family Institute of Northern Utah,190 East Center Street,Logan,84321,Utah,41.731125,-111.818362,Nonprofit Organization Only,Other,Other,Cache,37631,0,21136,,6587,0,3363,16944,0,9608,5132,0,2401,8967,0,5764,7,0,6,36,0,72,,,99,0,99,0,0,1,15,0,83,0,0,0,0,13,86,0,0,0,5,7,21,58,8,0,0,0,10,37,0,5,0,10,0,5,32,0,0,0,0,0,0,0,0,0,0,0,0,0,0,0,0,0,0,0,0,0,0,0,7,0,2,1,0,1,0,0,42,0,0,0,42,0,0,0,0,0,0,0,0,0,0,0,75,0,0,0,75,0,0,0,0,0,0,0,0,0,0,0,0,0,0,0,0,0,0,0,0,0,0,0,19926.9,42272,21136,0,0,,42272,426.99
Family Support Center,1760 West 4805 South,Taylorsville,84129,Utah,40.665094,-111.939702,Nonprofit Organization Only,Other,Other,Salt Lake,0,0,0,,0,0,0,0,0,0,0,0,0,0,0,0,0,0,0,0,0,0,,,,,,,,,,,,,,,,,,,,,,,,,,,,,,,,,,,,,,,,,,,,,,,,,,,,,,,,,,,,,,,,,,,,,,,,,,,,,,,,,,,,,,,,,,,,,,,,,,,,,,,,,,,,,0,0,0,0,0,0,0,0,0,,0,#DIV/0!
Family Support Center of Ogden,3340 Harrison Blvd,Ogden,84403-1271,Utah,41.203004,-111.948192,Nonprofit Organization Only,Domestic and Family Violence Organization,Other,Weber,0,0,177467,,0,0,173610,0,0,0,0,0,0,0,0,3857,0,0,4,0,0,4160,,,58,0,58,2,0,0,13,1,36,0,6,0,0,14,44,0,0,0,25,18,4,11,0,0,0,2,1,1,0,0,0,16,0,23,17,0,0,0,0,0,0,1,0,0,0,0,0,0,0,0,0,8,0,0,0,0,0,1,0,0,30,1,0,1,0,0,16,0,0,2,16,0,0,0,0,0,0,0,0,0,0,0,44,0,0,0,267,30,111,0,0,0,0,0,0,0,0,0,0,0,0,0,0,0,0,0,0,0,0,0,0,177467.45,71218.84,0,0,,177467.45,3059.78
Family Support Center of Southwestern Utah,102 North 200 East,Cedar City,84720-2617,Utah,37.678991,-113.058199,Nonprofit Organization Only,Organization Provides Domestic and Family Violence and Sexual Assault Services,Other,"Beaver,Garfield,Iron,Millard,Piute,Sanpete,Sevier,Washington,Wayne",0,0,168470,,0,0,72658,0,0,95812,0,0,0,0,0,0,0,0,45,0,0,3120,,,98,26,88,0,0,4,8,0,18,2,2,54,0,25,55,0,1,7,34,0,0,0,0,43,11,0,0,0,0,0,0,34,0,0,22,0,0,0,0,0,0,0,0,0,0,0,0,0,0,0,0,68,0,0,0,0,0,0,0,0,0,1,1,1,1,0,85,0,0,19,66,21,0,0,0,0,0,0,0,23,0,0,34,34,25,0,0,0,0,0,34,195,0,0,0,0,0,0,0,0,0,0,0,0,0,0,0,0,0,0,0,168694.88,0,0,0,,168694.88,1721.38
Holy Cross Ministries,860 East 4500 South,Salt Lake City,84107,Utah,40.673975,-111.867226,Nonprofit Organization Only,Other,Other,"Salt Lake,Summit",512817,0,446870,,37708,0,23114,352559,0,313323,15080,0,41091,107463,0,69340,7,0,15,2198,0,745,,,642,0,301,0,1,3,290,0,7,0,0,0,0,118,183,0,0,0,43,21,24,207,6,0,0,56,27,1,0,0,0,1,0,69,381,0,0,0,0,0,0,0,0,0,0,0,6,0,0,0,0,101,0,0,379,0,0,0,168,0,141,1,1,1,1,1,293,159,17,146,282,101,4,0,3,28,0,77,1,0,1,16,117,7,3,0,373,2,0,0,1,0,0,1,275,1,0,1,1,3,1,221,0,0,5,417,0,0,0,0,0,445491.95,477421.59,0,0,,445491.95,693.91
IHC Health Services Inc,36 S State St,Salt Lake City,84111-1470,Utah,40.755163,-111.888304,Nonprofit Organization Only,Other,Other,Grand,0,0,0,,0,0,0,0,0,0,0,0,0,0,0,0,0,0,0,0,0,0,,,0,0,0,0,0,0,0,0,0,0,0,0,0,0,0,0,0,0,0,0,0,0,0,0,0,0,0,0,0,0,0,0,0,0,0,0,0,0,0,0,0,0,0,0,0,0,0,0,0,0,0,0,0,0,0,0,0,0,0,0,0,0,0,0,0,0,0,0,0,0,0,0,0,0,0,0,0,0,0,0,0,0,0,0,0,0,0,0,0,0,0,0,0,0,0,0,0,0,0,0,0,0,0,0,0,0,0,0,0,0,32852.54,0,0,0,0,,0,#DIV/0!
Pacific Island Knowledge 2 Action Resources,3616 Gooseberry Court,Salt Lake City,841293500,Utah,40.654717,-111.977362,Nonprofit Organization Only,"Organization by and/or for underserved victims of crime (e.g., drunk driving, homicide, elder abuse)",Other,All counties,0,160461,0,,0,4588,0,0,114616,0,0,22928,0,0,18325,0,0,11,0,0,4000,0,,,65,0,65,1,0,0,5,48,8,0,1,2,0,10,55,0,0,0,9,8,9,37,1,1,0,5,4,1,1,0,0,0,0,6,46,0,0,0,0,1,0,0,0,0,0,0,0,0,1,0,0,0,0,2,3,0,0,2,0,0,18,1,1,1,1,1,45,19,22,32,81,35,0,1,3,49,0,0,5,6,22,0,43,20,0,0,0,67,25,6,6,6,0,0,1,0,0,0,0,0,0,0,1,0,0,0,0,0,0,0,192433.31,0,0,0,0,,0,0.00
Sego Lily Center for the Abused Deaf,452 E 3900 S,Salt Lake City,84107,Utah,37.113366,-113.579525,Nonprofit Organization Only,"Organization by and/or for underserved victims of crime (e.g., drunk driving, homicide, elder abuse)",Other,"Cache,Davis,Salt Lake,Tooele,Utah,Washington,Weber",67076,0,108241,,8754,0,7216,28189,0,39688,5833,0,18040,24300,0,43296,2,0,3,284,0,208,,,92,0,33,0,0,1,12,1,19,0,0,0,0,9,24,0,0,0,1,4,5,18,2,3,0,16,9,4,0,7,0,10,0,22,53,0,0,0,0,0,0,4,0,0,0,0,3,0,0,0,0,6,80,2,5,8,0,9,18,0,2,1,1,1,1,1,31,9,15,5,27,51,0,0,2,196,0,8,2,0,18,10,55,75,4,0,394,19,0,4,4,0,0,12,15,4,3,2,3,4,0,10,1,1,8,10,0,84772,0,0,43826.47,121261.12,118953.66,0,0,,121261.12,1318.06
The Navajo Nation Tribal Government,Indian Route 100,Window Rock,86515-1480,Utah,35.678531,-109.051692,"Federally Recognized Tribal Governments, Agencies, and Organizations Only",Other,Other,San Juan,0,0,231579,,0,0,0,0,0,0,0,0,0,0,0,231579,0,0,1,0,0,1,,,0,0,0,0,0,0,0,0,0,0,0,0,0,0,0,0,0,0,0,0,0,0,0,0,0,0,0,0,0,0,0,0,0,0,0,0,0,0,0,0,0,0,0,0,0,0,0,0,0,0,0,0,0,0,0,0,0,0,0,0,0,0,0,0,0,0,0,0,0,0,0,0,0,0,0,0,0,0,0,0,0,0,0,0,0,0,0,0,0,0,0,0,0,0,0,0,0,0,0,0,0,0,0,0,0,0,0,0,0,0,0,231587.2,0,0,0,,231587.2,#DIV/0!
UOVC,350 East 500 South,Salt Lake City,84111,Utah,40.758552,-111.901443,Government Agencies Only,Other,Other,All counties,257112,202247,341953,,61945,0,56704,48905,50562,86369,32605,50561,35901,113657,101124,162979,2,2,3,2400,780,1840,,,4708,0,4444,116,50,94,849,49,2398,67,29,792,0,970,3453,2,19,0,486,707,541,2042,146,522,0,1484,803,24,10,3,16,167,10,1084,1074,45,5,2,1,19,35,29,14,2,46,81,86,146,0,1,0,342,2,103,2,16,0,31,190,0,4019,1,1,1,1,1,3376,5986,215,854,387,1300,0,0,0,1533,0,0,131,0,16,253,283,354,0,0,0,0,0,36,147,53,0,147,145,76,12,74,0,0,0,0,0,0,0,0,0,0,0,0,173842.17,196247.34,200732.3,0,0,,196247.34,41.68
Urban Indian Center of Salt Lake,120 West 1300 South,Salt Lake City,84115,Utah,40.741535,-111.887573,Nonprofit Organization Only,"Organization by and/or for underserved victims of crime (e.g., drunk driving, homicide, elder abuse)",Other,"Davis,Salt Lake,Summit,Tooele,Utah,Wasatch,Weber",0,285488,292233,,0,0,25336,0,94679,84460,0,36874,16892,0,153935,165544,0,4,4,0,520,520,,,241,1,27,27,0,0,0,0,0,0,0,0,0,3,23,0,0,1,0,0,2,20,1,3,1,29,4,1,0,0,0,4,0,4,133,0,0,1,0,0,0,0,0,0,0,0,2,1,0,0,0,102,0,3,0,3,0,1,0,0,2,1,1,1,1,0,13,2,2,4,7,4,0,0,0,2,0,0,0,0,2,0,237,11,0,0,86,124,81,4,1,1,0,0,0,0,0,0,0,0,0,0,0,0,0,0,0,0,0,0,359203.9,288153.74,0,0,0,,288153.74,1195.66
Utah Department of Health,288 North 1460 West,Salt Lake City,84114-2106,Utah,40.771882,-111.932941,Government Agencies Only,Other,Other,All counties,0,0,222416,,0,0,0,0,0,0,0,0,222416,0,0,0,0,0,5,0,0,208,,,0,0,0,0,0,0,0,0,0,0,0,0,0,0,0,0,0,0,0,0,0,0,0,0,0,0,0,0,0,0,0,0,0,0,0,0,0,0,0,0,0,0,0,0,0,0,0,0,0,0,0,0,0,0,0,0,0,0,0,0,0,0,0,0,0,0,0,0,0,0,0,0,0,0,0,0,0,0,0,0,0,0,0,0,0,0,0,0,0,0,0,0,0,0,0,0,0,0,0,0,0,0,0,0,0,0,0,0,0,0,0,222415.7,222415.86,0,0,,222415.7,#DIV/0!
Utah Navajo Health Systems,1478 East UT-162,Montezuma Creek,84534,Utah,37.261604,-109.306272,"Federally Recognized Tribal Governments, Agencies, and Organizations Only",Organization by and/or for a specific traditionally underserved community,Other,San Juan,86883,99860,175563,,14131,14979,24391,12889,56920,95955,3361,6990,11833,52126,20971,40568,1,4,1,616,0,0,,,93,0,93,85,0,0,1,0,5,0,0,0,2,18,72,0,0,3,9,1,14,51,11,6,1,12,6,1,1,0,0,5,0,5,44,0,5,0,0,0,1,0,0,0,0,0,11,0,0,0,0,8,3,3,0,1,1,13,7,0,35,1,1,1,1,1,74,36,28,60,50,52,14,11,13,11,5,2,3,5,17,6,62,48,6,23,15,0,13,15,24,21,1,27,48,3,12,2,15,22,7,0,0,10,25,7,0,0,0,0,90776.92,46700.86,46550.4,143940.94,0,,190641.8,2049.91
Utah Office of Guardian ad Litem and CASA,450 S State Street,Salt Lake City,84114,Utah,40.755163,-111.888304,Government Agencies Only,Other,Other,All counties,0,118602,243240,,0,88952,151904,0,23720,76914,0,0,0,0,5930,14421,0,1,3,0,2600,3000,,,434,0,281,2,1,5,65,8,183,0,17,0,0,111,170,0,0,0,176,93,12,0,0,0,0,0,0,0,0,16,0,368,0,43,75,0,0,0,0,1,0,0,0,0,0,0,0,0,0,0,0,33,1,0,0,8,0,22,0,0,0,1,1,1,0,1,334,419,29,57,886,342,0,0,0,1308,0,0,98,0,0,0,313,686,0,0,0,0,2,0,0,0,0,0,35,29,0,0,0,0,6,0,0,0,29,0,0,0,0,0,121189.72,239992.79,289902.26,0,0,,239992.79,552.98
Asian Association of Utah,155 South 300 West,Salt Lake City,84101-1289,Utah,40.759868,-111.899789,Nonprofit Organization Only,"Organization by and/or for underserved victims of crime (e.g., drunk driving, homicide, elder abuse)",Other,All counties,0,302792,322583,,0,0,0,0,0,188426,0,0,0,0,302792,134157,0,29,16,0,312,1664,,,211,13,134,0,20,11,45,19,26,0,4,9,0,47,81,0,3,3,19,6,9,79,3,15,3,0,0,0,0,0,0,0,0,0,0,0,0,0,139,72,0,0,0,0,0,0,0,0,0,0,0,13,0,61,146,11,0,20,99,0,12,1,1,1,1,1,147,45,17,37,822,71,39,0,8,69,0,79,0,1,232,298,132,144,0,39,0,61,0,391,91,803,44,296,43,8,2,0,1,9,52,84,31,0,4,0,0,0,0,0,204155.86,176944.68,207107.8,134157.25,147539.81,,311101.93,1474.42
American Fork Police Department,75 East 80 North,American Fork,84003,Utah,40.37842,-111.796071,Government Agencies Only,Law Enforcement,Police Department,Utah,95303,0,75127,,23864,0,16537,44324,0,30712,3412,0,2363,23703,0,25515,2,0,3,208,0,156,,,750,0,750,2,1,14,55,12,637,0,0,29,0,285,455,0,10,0,94,60,84,429,62,21,0,62,20,6,0,0,4,38,0,59,299,1,0,0,0,0,115,0,0,0,42,2,53,0,0,0,0,51,0,0,5,5,0,0,0,0,205,1,1,1,0,1,439,454,366,178,431,31,1,0,35,23,0,0,3,0,0,0,500,124,661,12,0,0,0,1,0,0,0,0,350,425,6,111,289,0,1,2,11,17,11,0,0,0,0,0,51413.4,66386.65,83789.86,0,0,,66386.65,88.52
Beaver County Sheriff,2270 South 525 West,Beaver,84713,Utah,38.242544,-112.651305,Government Agencies Only,Law Enforcement,Police Department,"Beaver,Garfield,Iron,Kane,Piute,Sevier",32341,0,27764,,5624,0,4443,10547,0,5970,1405,0,1944,14764,0,15407,1,0,1,960,0,480,,,107,0,95,4,1,0,8,2,79,0,0,1,0,23,71,0,1,0,0,7,9,68,10,1,0,24,8,3,0,7,7,4,3,25,30,0,2,0,0,0,4,0,0,0,0,1,10,0,0,0,0,0,0,2,0,1,0,1,1,0,49,1,1,1,1,1,104,86,50,16,43,21,5,2,5,9,0,0,1,1,2,0,39,31,0,10,0,0,0,2,0,0,0,0,92,82,24,12,18,10,0,0,17,5,0,0,0,0,0,0,20812.89,27763.74,23940.76,0,0,,27763.74,259.47
Carbon County Sheriff,240 West Main Street,Price,84501,Utah,39.599555,-110.814528,Government Agencies Only,Law Enforcement,Police Department,Carbon,95539,0,56550,,9320,0,4195,59120,0,36916,6609,0,3502,20490,0,11937,1,0,1,280,0,280,,,478,0,337,2,0,2,5,130,195,0,0,3,0,66,263,0,8,0,18,29,42,209,33,6,0,19,32,5,0,0,25,21,0,40,254,0,1,0,0,0,3,3,0,0,9,5,51,14,0,0,0,5,0,0,0,0,0,0,0,0,207,1,1,1,1,1,397,719,257,79,54,101,0,0,30,92,0,0,0,0,4,0,217,213,1,2,10,0,0,74,8,9,0,0,410,602,6,17,246,2,1,0,28,18,514,49,0,0,0,0,56150.22,54386.26,58087.8,0,0,,54386.26,113.78
Cottonwood Heights Police Department,1265 E Fort Union Blvd,Cottonwood Heights,84047,Utah,40.613353,-111.825668,Government Agencies Only,Law Enforcement,Police Department,Salt Lake,0,0,0,,0,0,0,0,0,0,0,0,0,0,0,0,0,0,0,0,0,0,,,,,,,,,,,,,,,,,,,,,,,,,,,,,,,,,,,,,,,,,,,,,,,,,,,,,,,,,,,,,,,,,,,,,,,,,,,,,,,,,,,,,,,,,,,,,,,,,,,,,,,,,,,,,0,0,0,0,0,0,0,0,0,,0,#DIV/0!
Daggett County Sheriff's Office,590 S Sheriffs Way,Manila,84046,Utah,40.989551,-109.725534,Government Agencies Only,Law Enforcement,Police Department,Daggett,30257,0,33694,,3071,0,3370,2741,0,3032,1425,0,1685,23020,0,25607,1,0,1,300,0,245,,,20,0,16,5,0,1,0,0,10,0,0,0,0,4,12,0,0,0,1,0,1,11,3,0,0,0,1,0,0,0,0,0,0,3,2,0,0,0,0,0,0,0,0,0,0,0,3,7,0,0,0,4,0,0,0,0,0,0,0,0,17,1,1,1,0,1,20,16,15,19,19,12,0,0,2,10,0,0,0,0,0,0,18,18,0,3,0,0,0,0,0,0,0,0,4,4,0,4,0,0,0,0,0,0,4,0,17406.26,0,0,0,16622.46,33893.49,35024.65,0,0,,51299.75,2564.99
Herriman City Police Department,5355  W. Herriman Main Street,Herriman,84096-5837,Utah,40.51632,-112.01822,Government Agencies Only,Law Enforcement,Police Department,Salt Lake,0,26498,71286,,0,3121,4924,0,12008,32208,0,240,2569,0,11127,31559,0,1,1,0,36,140,,,382,0,333,1,0,8,17,7,264,0,2,34,0,100,233,0,0,0,40,30,48,199,12,4,0,15,27,1,0,3,4,6,4,29,194,0,0,0,0,0,69,1,0,0,2,2,23,0,1,0,0,36,0,0,10,1,0,2,9,0,73,1,1,1,1,1,338,365,25,5,649,28,6,7,0,24,0,0,0,0,3,2,47,35,19,14,0,0,0,8,1,0,0,1,144,172,1,2,0,0,55,0,5,1,92,0,0,0,0,0,0,70283.92,68300.52,0,0,,70283.92,183.99
Hurricane City Police Department,90 South 700 West,Hurricane,84737,Utah,37.173339,-113.300566,Government Agencies Only,Law Enforcement,Police Department,Washington,40166,0,0,,7775,0,0,9478,0,0,2209,0,0,20703,0,0,2,0,0,300,0,0,,,,,,,,,,,,,,,,,,,,,,,,,,,,,,,,,,,,,,,,,,,,,,,,,,,,,,,,,,,,,,,,,,,,,,,,,,,,,,,,,,,,,,,,,,,,,,,,,,,,,,,,,,,,,0,0,0,0,0,0,0,0,0,,0,#DIV/0!
Iron County Law Enforcement,2132 North Main Street,Cedar City,84721-7866,Utah,37.716808,-113.059457,Government Agencies Only,Law Enforcement,Police Department,Iron,0,90105,228009,,0,13921,13680,0,27737,57003,0,585,11400,0,47862,129966,0,2,3,0,5200,200,,,1172,0,1105,35,11,18,86,7,810,2,2,134,0,395,693,0,17,0,33,35,228,670,123,16,0,175,77,2,0,3,149,36,15,96,236,2,10,2,0,0,122,4,3,0,119,4,99,0,0,0,0,265,0,6,0,1,1,21,19,0,97,1,1,1,0,1,406,458,39,97,192,965,5,5,3,1753,0,2,2,0,20,16,561,956,27,40,51,7,2,21,0,0,0,0,638,556,21,10,116,1,1,0,8,60,401,0,0,0,0,0,0,228009.88,233050.18,0,0,,228009.88,194.55
Kaysville City Police Department,80 N Main Street,Kaysville,84037,Utah,41.036095,-111.938489,Government Agencies Only,Law Enforcement,Police Department,Davis,129523,0,79542,,21385,0,8615,28521,0,21534,1192,0,4301,78424,0,45082,1,0,1,0,0,50,,,395,0,346,0,1,4,16,1,304,0,0,20,0,87,249,0,10,0,20,28,52,205,31,10,0,12,35,5,1,3,20,11,4,28,143,3,1,0,0,0,46,0,0,0,24,1,84,0,0,0,0,21,0,1,0,10,0,26,1,0,227,1,1,1,1,1,341,485,423,381,375,104,7,7,65,94,0,0,7,1,5,0,139,193,2,12,1,1,1,9,7,3,0,12,337,370,159,115,112,0,10,1,182,256,282,0,32711.17,171234.06,0,0,170081.63,163968.29,177125.88,0,0,,196679.46,497.92
LaVerkin City Police Department,111 South Main,LaVerkin,84745-0001,Utah,37.199073,-113.26935,Government Agencies Only,Law Enforcement,Police Department,Washington,0,80194,94723,,0,13633,16102,0,13632,16102,0,8019,9472,0,44909,53046,0,2,1,0,300,600,,,602,2,555,15,3,2,45,8,443,0,0,38,1,205,332,0,15,3,29,28,63,292,108,31,4,29,22,0,2,4,33,34,3,12,208,3,3,0,0,0,56,0,1,0,40,2,97,2,0,0,0,60,0,2,3,0,1,1,4,0,179,1,1,1,0,1,289,259,254,2,98,27,0,0,22,0,0,1,3,0,2,0,188,168,18,74,0,0,0,3,0,0,0,0,171,145,61,11,109,0,0,1,3,10,130,0,0,0,0,0,0,0,0,0,0,,0,0.00
Moab City Police Department,217 E Center St,Moab,84532-3622,Utah,38.573336,-109.545886,Government Agencies Only,Law Enforcement,Police Department,Grand,0,24164,45662,,0,1450,2740,0,5800,11416,0,967,1827,0,15947,29679,0,1,1,0,0,100,,,212,2,212,30,1,2,29,0,141,0,0,6,3,56,148,0,8,0,5,13,16,151,15,5,7,109,10,4,2,2,14,2,0,13,87,3,0,0,0,0,6,1,0,0,5,2,33,1,1,0,0,14,0,1,0,0,0,13,14,0,79,1,1,1,1,1,171,196,177,82,90,61,3,2,21,24,3,0,1,0,17,30,37,38,0,5,0,0,0,5,1,1,0,0,170,249,145,55,56,5,22,0,68,15,36,3,0,0,0,0,34287.28,45662.4,58241.12,0,0,,45662.4,215.39
Murray City Police Department,5025 S State Street,Murray,84107,Utah,40.630496,-111.889673,Government Agencies Only,Law Enforcement,Police Department,Salt Lake,124325,0,103566,,4175,0,6427,59629,0,50652,4473,0,4570,56047,0,41823,1,0,3,1300,0,350,,,844,0,702,13,7,27,92,8,435,37,4,74,5,106,549,0,46,1,71,36,104,412,32,47,0,46,76,3,0,3,10,50,3,28,537,5,23,0,0,0,1,5,1,0,8,11,111,3,3,0,0,112,2,16,39,8,2,56,22,0,165,1,1,1,1,1,383,476,240,234,242,565,4,1,750,239,0,3,6,0,9,8,134,150,0,51,0,0,0,40,20,27,3,4,283,355,13,11,0,0,134,16,58,90,45,17,0,0,0,0,0,103566.4,104161.18,0,0,,103566.4,122.71
North Ogden Police Department,515 East 2600 North,North Ogden,84414-2835,Utah,41.305865,-111.972169,Government Agencies Only,Law Enforcement,Police Department,Weber,0,18789,37319,,0,3868,336,0,5526,4203,0,1105,1680,0,8289,31089,0,1,2,0,260,136,,,133,0,111,0,0,2,5,0,93,1,0,8,2,51,51,0,7,2,0,1,20,70,11,7,2,74,7,0,0,0,12,2,0,2,34,1,0,0,0,0,2,0,0,0,13,0,1,0,0,0,0,18,0,0,0,0,0,0,0,0,19,1,1,1,1,1,106,113,99,31,34,6,1,0,3,2,0,0,0,0,1,0,33,12,0,3,35,0,1,1,2,1,0,1,61,67,43,19,13,10,1,0,4,7,7,25,0,0,0,0,36587.42,36048.64,37582.76,0,0,,36048.64,271.04
Ogden City Police Department,310 26th Street,Ogden,84401-3144,Utah,41.218677,-111.973109,Government Agencies Only,Law Enforcement,Police Department,Weber,0,100072,152990,,0,0,0,0,47443,53546,0,2683,22948,0,49945,76112,0,2,2,0,208,104,,,518,0,476,0,4,17,133,0,282,0,0,40,0,60,380,1,35,0,7,18,70,314,18,33,16,106,109,3,2,0,7,12,2,35,234,7,3,1,0,0,6,0,1,1,1,5,20,20,1,0,0,51,0,2,1,4,0,9,60,0,114,1,1,1,1,1,327,419,184,82,107,169,4,6,28,144,1,0,1,0,0,83,64,43,16,2,28,3,1,0,7,3,2,2,411,210,8,5,20,1,3,0,22,299,139,1,86508.19,46890.39,0,0,170101.01,198550.27,170162.84,0,0,,285058.46,550.31
Orem City Police Department,95 East Center Street,Orem,84057,Utah,40.297222,-111.693455,Government Agencies Only,Law Enforcement,Police Department,Utah,185196,0,93335,,23380,0,7910,86529,0,57525,8183,0,5753,67103,0,22147,3,0,3,300,0,150,,,615,0,558,13,12,22,127,19,350,2,1,12,0,125,423,0,10,0,5,20,129,358,33,13,0,32,34,0,2,0,5,5,0,21,434,4,2,0,0,0,3,1,2,0,2,2,60,1,1,0,0,57,0,10,6,5,0,16,20,0,68,1,1,1,1,1,345,464,227,91,85,582,1,3,19,1263,0,7,5,0,6,5,176,231,14,8,2,0,0,18,13,12,0,6,373,317,6,6,99,7,19,2,34,10,364,6,0,0,0,0,78209.71,99116.72,134906.59,0,0,,99116.72,161.17
Park City Police Department,2060 Park Avenue,Park City,84060,Utah,40.660916,-111.511669,Government Agencies Only,Law Enforcement,Police Department,Summit,48572,0,0,,5560,0,0,22248,0,0,3708,0,0,17050,0,0,1,0,0,3660,0,0,,,69,1,54,0,0,0,13,0,41,0,0,0,0,9,45,0,0,0,6,1,1,44,2,0,0,10,9,1,0,0,1,7,0,2,31,0,0,0,0,0,0,0,0,0,0,0,11,0,0,0,0,0,1,2,0,1,0,1,5,0,26,1,1,1,1,1,60,44,45,46,41,23,0,4,9,20,0,0,0,0,2,0,44,58,11,22,0,0,0,0,12,9,0,5,37,15,8,4,26,1,0,0,4,7,6,0,0,0,0,0,14385.1,0,0,0,0,,0,0.00
Pleasant Grove Police Department,87 East 100 South,Pleasant Grove,84062-9404,Utah,40.362539,-111.739187,Government Agencies Only,Law Enforcement,Police Department,Utah,0,0,61923,,0,0,3687,0,0,36859,0,0,7372,0,0,14005,0,0,2,0,0,120,,,166,0,166,0,1,4,23,2,135,0,0,1,0,40,126,0,0,0,12,22,34,91,7,0,0,103,19,11,0,0,0,0,0,30,107,0,5,0,0,0,0,0,0,0,0,0,6,0,6,0,0,0,0,0,0,1,0,1,4,0,11,1,1,1,0,1,166,166,132,83,36,1,0,0,0,0,0,0,0,0,1,0,166,166,0,0,0,0,0,0,0,0,0,0,106,101,0,0,18,0,0,1,2,0,0,0,0,0,0,0,0,77238.47,0,0,0,,77238.47,465.29
Price City Police Department,910 North 700 East,Price,84501,Utah,39.604298,-110.797976,Government Agencies Only,Law Enforcement,Police Department,Carbon,86436,0,48665,,5219,0,2921,36282,0,20439,6045,0,3406,38890,0,21899,1,0,1,474,0,450,,,221,0,177,4,0,2,12,0,155,0,0,4,0,23,130,0,24,0,15,13,20,100,24,5,0,11,21,0,0,0,4,2,2,21,99,31,0,0,0,0,7,0,0,0,0,0,19,0,1,0,0,22,2,1,0,0,0,9,0,0,68,1,1,1,1,1,176,240,39,45,28,52,2,1,19,42,0,0,4,0,15,0,92,85,10,12,39,0,0,1,3,2,0,1,180,188,15,21,64,1,1,0,89,29,187,9,0,0,0,0,48364.44,48665.2,55924.34,0,0,,48665.2,220.20
Provo City Police Department,48 South 300 West,Provo,84601,Utah,40.233061,-111.66405,Government Agencies Only,Law Enforcement,Police Department,Utah,268713,0,164363,,75872,0,15849,84302,0,69696,13172,0,13028,95367,0,65788,6,0,3,850,0,120,,,1240,0,1105,11,14,18,244,14,605,2,5,170,22,314,739,0,52,0,89,81,247,549,51,88,0,165,83,9,0,4,6,76,0,67,609,2,2,1,0,0,5,3,0,0,1,10,237,0,0,0,0,36,1,13,72,11,0,23,114,0,21,1,1,1,1,1,614,536,331,506,469,1211,5,1,22,2309,1,3,2,1,13,37,200,176,8,13,12,1,1,3,31,30,0,4,218,216,0,6,3,0,0,1,102,48,6,1,0,0,0,0,183221.18,164362.99,179476.13,0,0,,164362.99,132.55
Riverton City Police Department,12830 South Redwood Road,Riverton,84065,Utah,40.51796,-111.939331,Government Agencies Only,Law Enforcement,Police Department,Salt Lake,0,0,32987,,0,0,1772,0,0,13785,0,0,1182,0,0,16246,0,0,1,0,0,104,,,63,0,63,0,0,1,3,1,48,1,0,8,1,12,45,0,6,0,5,4,7,42,5,0,0,12,3,1,0,0,1,1,0,4,39,0,0,0,0,0,0,0,0,0,0,1,10,0,0,0,0,6,0,0,0,0,0,0,1,0,7,1,1,1,1,1,57,43,17,10,119,11,1,0,2,2,0,0,4,0,3,1,15,5,4,6,0,0,0,0,4,4,0,0,6,3,1,0,1,0,0,0,0,0,0,1,0,0,0,0,0,28344.67,23430.8,0,0,,28344.67,449.92
Salt Lake City Police Department,475 South 300 East,Salt Lake City,84114,Utah,40.75912,-111.88157,Government Agencies Only,Law Enforcement,Police Department,Salt Lake,372775,0,218652,,8466,0,5425,129041,0,82006,16128,0,10254,219133,0,120897,11,0,11,1700,0,800,,,2310,0,2310,42,43,101,397,67,1462,14,0,137,47,580,1710,0,0,20,81,78,362,1534,137,77,41,181,280,17,0,1,10,31,7,120,1135,1,11,0,1,3,5,1,6,0,4,29,287,24,1,0,0,170,0,60,11,36,7,36,138,0,594,1,1,1,1,1,1815,2295,516,1181,660,164,28,13,0,3,0,7,7,0,53,108,766,205,772,138,0,0,0,35,11,12,2,3,1556,1660,9,1,2,1,5,0,2,44,15,0,0,0,0,0,223232.3,219088.44,219600.8,0,0,,219088.44,94.84
Sandy City Police Department,10000 South Centennial Parkway,Sandy,84070,Utah,40.570865,-111.895187,Government Agencies Only,Law Enforcement,Police Department,Salt Lake,198706,0,142749,,10689,0,8654,142431,0,92388,8006,0,4612,37575,0,37072,3,0,5,3456,0,2592,,,1359,0,1220,11,17,25,28,14,836,4,1,283,1,399,771,2,48,0,65,64,173,752,96,69,1,162,58,15,2,3,7,51,13,30,846,2,7,2,0,0,2,29,6,1,21,5,94,5,4,1,0,112,1,15,0,14,2,15,24,0,15,1,1,1,1,1,475,259,34,211,344,949,5,0,2,1795,0,5,4,6,18,40,84,60,18,6,51,0,30,3,7,9,2,0,694,1162,16,9,1,0,119,0,4,19,1437,0,0,0,0,0,0,143925.51,130830.7,0,0,,143925.51,105.91
Santa Clara Ivins Police Department,55 North Main,Ivins,4356521122,Utah,37.1287,-113.64505,Government Agencies Only,Law Enforcement,Police Department,Washington,0,71712,91298,,0,10040,12782,0,19362,24650,0,4303,4791,0,37007,49075,0,1,2,0,160,160,,,324,3,324,13,0,4,29,7,267,0,2,2,0,88,236,0,0,0,46,36,51,180,10,1,0,29,6,6,0,7,9,41,5,24,153,0,8,0,0,1,9,0,1,0,1,0,26,0,18,1,0,3,0,4,0,6,3,36,8,0,41,1,1,1,0,1,287,456,223,476,467,33,1,0,53,10,0,0,9,2,5,4,51,40,38,4,0,0,0,5,0,0,0,0,81,142,5,13,46,0,10,0,6,50,17,0,44725.2,55309.65,0,0,80481.46,91298.9,92318.52,0,0,,136024.1,419.83
Saratoga Springs Police Department,367 South Saratoga Road,Saratoga Springs,84045,Utah,40.357325,-111.900714,Government Agencies Only,Law Enforcement,Police Department,"Salt Lake,Utah",0,75882,60713,,0,4857,5367,0,43252,36897,0,2428,2012,0,25345,16436,0,2,1,0,1184,100,,,241,5,209,2,0,1,16,2,147,0,1,39,1,41,141,0,27,0,5,7,28,139,9,21,0,41,13,0,0,1,0,10,0,14,159,1,0,0,0,0,0,0,0,0,0,0,33,1,1,0,0,2,0,0,0,1,0,0,4,0,8,1,1,1,1,1,203,369,102,63,91,35,0,0,6,90,0,0,0,0,0,0,17,9,3,16,0,6,1,6,1,0,0,1,96,165,0,1,15,1,2,0,79,5,2,3,29085.95,0,0,0,62692.44,66603.67,0,0,0,,95689.62,397.05
South Jordan Police Department,1600 West Towne Center Drive,South Jordan,84095,Utah,40.558274,-111.936832,Government Agencies Only,Law Enforcement,Police Department,Salt Lake,120468,0,73766,,14052,0,5543,53538,0,27899,1337,0,1859,51537,0,38412,3,0,3,200,0,130,,,719,0,634,2,30,14,41,8,462,2,0,75,0,252,363,0,19,0,48,22,80,410,57,17,0,38,11,1,0,0,2,20,0,4,355,5,3,0,0,0,215,0,0,0,6,2,34,2,0,0,0,36,0,0,7,2,0,5,8,0,85,1,1,1,0,1,659,221,59,56,2121,110,1,2,0,143,0,0,0,1,0,0,106,104,0,19,0,0,0,1,0,0,0,0,305,421,8,1,0,0,0,0,288,41,325,0,0,0,0,0,0,73765.92,74310.3,0,0,,73765.92,102.60
South Salt Lake Police Department,2835 South Main Street,South Salt Lake,84115,Utah,40.710097,-111.891015,Government Agencies Only,Law Enforcement,Police Department,Salt Lake,314086,0,220151,,7248,0,5137,221429,0,157776,6635,0,4404,78763,0,52832,3,0,3,500,0,600,,,4606,0,2447,53,59,213,542,27,1307,16,3,162,65,935,1483,0,28,1,430,131,338,1371,144,33,0,828,166,12,6,0,16,187,14,204,2628,6,15,0,0,0,0,3,5,0,6,124,152,26,0,0,0,208,6,111,259,63,2,95,188,0,650,1,1,1,1,1,2491,5400,1443,1761,1696,4320,23,2,162,16561,0,47,68,5,11,49,381,264,67,61,441,1,29,17,71,60,8,69,2215,5653,428,267,231,55,37,34,358,110,990,71,90665.15,74859.98,0,0,0,219766.73,0,0,0,,310431.88,67.40
Spanish Fork Police Department,789 West Center Street,Spanish Fork,84660,Utah,40.109927,-111.667785,Government Agencies Only,Law Enforcement,Police Department,Utah,104525,0,56816,,5973,0,3210,59729,0,32100,2986,0,1605,35837,0,19899,1,0,1,208,0,104,,,276,0,162,0,0,0,17,0,145,0,0,0,0,17,145,0,0,0,7,10,23,118,4,0,0,6,16,2,1,0,0,4,1,10,217,0,4,0,0,0,0,0,0,0,0,0,14,0,1,0,0,0,0,3,0,0,0,1,0,0,36,1,1,1,1,1,174,101,75,44,118,51,1,0,7,19,0,3,1,2,19,1,109,106,0,10,0,0,0,0,7,0,0,7,168,136,7,14,82,19,2,3,14,8,25,0,0,0,0,0,53265.81,54425.29,56724.64,0,0,,54425.29,197.19
St. George Police Department,265 North 200 East,St. George,84770,Utah,39.984652,-111.780728,Government Agencies Only,Law Enforcement,Police Department,Washington,104963,0,68725,,7369,0,4812,46080,0,30240,1907,0,1375,49607,0,32298,3,0,3,200,0,200,,,2922,1,2524,67,21,63,239,20,1613,2,12,231,256,752,1454,252,65,1,161,161,393,1314,189,54,252,795,136,22,1,5,21,149,1,140,1446,70,10,2,0,0,0,4,5,0,13,23,277,5,0,0,0,269,2,18,0,17,3,38,81,34,102,1,1,1,1,1,2011,2911,969,414,594,1003,6,1,0,1242,0,0,0,0,1,0,537,589,0,0,22,6,0,1,8,5,0,5,1947,2341,6,18,307,20,107,0,79,150,2250,224,0,0,0,0,35179.72,70145.98,71285.66,0,0,,70145.98,24.01
Tooele City Police Department,323 North Main Street,Tooele,84074,Utah,40.536872,-112.298511,Government Agencies Only,Law Enforcement,Police Department,Tooele,56439,0,32971,,12541,0,5368,14110,0,7666,2351,0,1147,27436,0,18783,2,0,1,1200,0,600,,,461,0,295,0,0,3,16,5,255,0,1,15,0,97,185,0,13,0,5,10,26,203,26,25,0,68,23,7,1,0,76,16,8,93,133,4,2,0,0,2,32,7,2,0,7,4,22,7,0,0,0,30,4,2,0,0,0,6,4,0,68,1,1,1,1,1,186,141,43,10,35,29,1,0,6,1,0,0,14,0,9,2,26,11,0,8,0,0,0,11,2,2,0,0,352,313,49,75,39,0,0,0,41,7,56,0,21032.9,0,0,0,35071.8,34204.13,34656.89,0,0,,55237.03,119.82
Unified Police Department,3365 South 900 West,Salt Lake City,84119,Utah,40.764306,-111.916837,Government Agencies Only,Law Enforcement,Police Department,Salt Lake,410863,0,254671,,26896,0,14791,235349,0,131974,26896,0,6597,121711,0,101233,10,0,6,400,0,1000,,,2978,0,2874,38,22,103,589,99,1825,18,10,168,2,907,1873,0,94,0,486,180,459,1514,176,59,0,710,115,16,1,222,24,108,2,50,2059,8,17,1,0,0,0,9,1,0,11,42,177,29,2,1,0,52,0,46,120,8,3,39,137,0,1636,1,1,1,1,1,2363,3827,3510,3631,3672,1937,96,22,729,3756,27,44,52,21,123,140,1310,1445,168,369,336,4,47,11,384,138,25,548,1711,3007,643,518,136,89,42,21,448,1059,1550,609,0,0,0,0,212870.72,254670.89,270226.58,0,0,,254670.89,85.52
Utah County Sheriff's Office,51 S University Avenue,Provo,84601,Utah,40.227156,-111.65873,Government Agencies Only,Law Enforcement,Police Department,Utah,198929,0,148950,,44540,0,30631,90423,0,70070,13396,0,9009,50570,0,39240,3,0,4,400,0,156,,,1442,0,1222,17,17,16,102,8,1029,0,2,31,0,341,880,0,1,0,262,147,135,620,47,11,0,70,71,12,0,8,7,82,3,226,873,0,12,0,0,4,1,4,0,0,1,10,92,8,1,0,0,28,0,0,0,0,0,0,0,0,295,1,1,1,1,1,1084,1571,1918,788,723,256,1,0,0,343,0,8,10,0,6,15,793,373,1000,45,0,0,0,53,16,9,0,9,916,803,15,2,93,1,973,1,106,26,589,1,0,0,0,0,148733.62,148950.92,160843.8,0,0,,148950.92,103.29
Utah Department of Public Safety,4501 South 2700 West,Salt Lake City,84129,Utah,40.671008,-111.956843,Government Agencies Only,Law Enforcement,Police Department,All counties,745870,0,266027,,20059,0,18213,25057,0,53685,4923,0,10067,695822,0,184062,1,0,0,1040,0,649,,,664,0,664,11,25,24,69,8,453,1,5,60,8,320,285,0,59,0,35,42,71,367,75,74,0,152,40,1,0,3,6,15,6,30,91,18,0,0,0,1,68,2,1,1,36,5,16,16,0,1,0,193,1,65,1,3,2,18,12,491,90,1,1,1,1,1,282,105,104,74,192,573,19,4,28,588,2,0,3,1,9,0,84,15,0,61,23,0,1,1,7,4,0,4,11,5,0,1,1,0,4,0,3,6,2,4,0,0,0,0,860303.22,266026.51,273698.37,0,0,,266026.51,400.64
Utah Valley University Police Department,800 West University Parkway,Orem,84058-6703,Utah,40.275299,-111.717021,Campus Organizations Only,Law enforcement,Police Department,Utah,0,0,124793,,0,0,5200,0,0,15600,0,0,57196,0,0,46796,0,0,8,0,0,0,,,110,2,110,0,2,0,2,0,24,0,0,82,0,16,91,1,2,0,1,0,18,8,1,82,0,3,39,24,0,2,0,0,0,0,21,0,0,0,0,0,2,1,0,0,1,0,19,0,0,0,0,0,0,0,0,0,3,2,0,1,0,1,1,1,1,1,25,35,10,13,35,15,0,0,9,1,0,0,5,0,0,0,93,93,0,0,79,0,0,0,0,0,0,0,16,18,0,0,0,0,0,0,0,3,3,0,0,0,0,0,0,119818.2,129767.12,0,0,,119818.2,1089.26
Vernal City Police Department,374 East Main,Vernal,84078,Utah,40.455675,-109.528483,Government Agencies Only,Law Enforcement,Police Department,Uintah,0,0,82255,,0,0,3289,0,0,59223,0,0,6566,0,0,13177,0,0,3,0,0,500,,,426,0,426,36,0,2,34,4,286,1,4,57,2,102,267,0,54,3,86,19,43,206,16,56,0,77,23,0,0,2,1,28,0,13,209,1,0,0,0,0,1,4,0,0,0,1,78,2,1,0,0,40,2,3,1,0,0,0,1,0,49,1,1,1,1,1,373,355,256,276,317,165,15,8,97,2,14,1,18,4,71,2,285,262,9,80,3,25,1,70,66,42,7,25,385,173,41,71,246,43,5,0,5,60,81,21,0,0,0,0,31376.79,82254.94,81261.1,0,0,,82254.94,193.09
Washington City Police Department,95 North Main Street,Washington City,84780,Utah,37.132136,-113.50865,Government Agencies Only,Law Enforcement,Police Department,Washington,59365,0,66917,,3031,0,3345,31890,0,30782,2627,0,2008,21817,0,30782,3,0,2,208,0,120,,,201,0,178,1,0,5,37,2,100,1,2,30,0,47,116,0,15,0,0,2,26,119,10,21,0,30,13,0,0,0,1,6,0,5,115,0,3,0,0,0,2,0,4,0,4,0,79,0,1,0,0,8,1,6,18,4,0,5,34,0,8,1,1,1,1,1,195,520,195,28,145,61,1,1,3,89,1,2,5,0,2,22,56,75,0,1,0,0,2,0,1,1,0,0,109,86,2,2,54,2,4,0,28,38,43,120,0,0,0,0,71720.7,66916.58,75743.6,0,0,,66916.58,332.92
Weber County Sheriff's Office,2380 Washington Blvd,Ogden,84401,Utah,41.242204,-111.969981,Government Agencies Only,Law Enforcement,Police Department,Weber,0,62282,76108,,0,3535,4703,0,8159,10282,0,2037,2201,0,48547,58909,0,1,3,0,208,208,,,308,6,191,2,0,1,8,0,178,1,0,1,0,27,164,0,0,0,19,25,16,108,18,5,0,32,16,0,0,0,2,2,0,4,140,9,6,0,0,1,9,1,0,0,19,8,14,0,0,0,0,104,1,2,0,0,5,0,1,0,25,1,1,1,0,1,245,148,82,195,49,33,0,0,7,17,0,0,3,2,7,0,123,102,0,3,35,71,22,0,0,0,0,0,48,35,6,2,29,0,0,0,3,5,10,0,0,0,0,0,75589.89,76108.42,76590.13,0,0,,76108.42,247.11
Cherish Families,13504 South 7530 West,Herriman,84096,Utah,40.505728,-112.069876,Nonprofit Organization Only,Domestic and Family Violence Organization,Polygamist Services,All counties,851370,216342,1051252,,75777,0,92113,135588,86537,186727,33897,0,26535,606108,129805,745877,7,8,10,1520,413,445,,,1375,6,934,2,2,1,4,0,910,0,4,0,11,292,631,0,0,11,229,153,155,365,14,12,6,180,148,216,68,384,93,216,15,123,794,47,4,586,116,16,88,50,37,61,17,38,235,94,47,60,0,0,16,99,17,15,0,82,3,0,36,1,1,1,1,1,397,22,13,37,511,946,4,0,15,1981,0,13,58,42,55,15,689,109,34,29,1829,342,3,721,318,50,434,122,88,2,1,24,39,72,3,1,0,1,7,8,0,0,0,0,745864.7,843036.26,0,307164.8,253616.69,,1150201.06,836.51
Holding Out Help,748 East Pioneer Road,Draper,84020-7976,Utah,40.525134,-111.875825,Nonprofit Organization Only,"Organization by and/or for underserved victims of crime (e.g., drunk driving, homicide, elder abuse)",Polygamist Services,All counties,0,0,80009,,0,0,14640,0,0,8512,0,0,1020,0,0,55836,0,0,5,0,0,960,,,323,3,45,1,0,0,0,0,44,0,0,0,0,14,31,0,0,0,10,11,7,17,0,0,0,25,17,65,1,248,0,222,0,118,101,0,0,0,53,1,0,0,6,0,0,0,11,1,0,0,0,0,0,70,2,4,0,2,0,0,2,1,1,1,1,1,197,7,7,7,183,224,14,3,4,224,2,3,42,24,93,0,109,19,5,2,132,23,20,16,35,20,12,3,30,5,3,0,3,12,4,3,5,2,2,25,0,0,0,0,0,78751.65,84937.64,0,0,,78751.65,243.81
Northern Utah Sexual Assault Nurse Examiners,560 East 39th St.,Ogden,84403-3061,Utah,41.191762,-111.971343,Nonprofit Organization Only,"Sexual Assault Services organization (e.g., rape crisis center)",SANE,"Box Elder,Davis,Weber",0,0,113020,,0,0,0,0,0,0,0,0,113020,0,0,0,0,0,12,0,0,120,,,75,0,75,2,1,1,9,0,58,0,1,3,0,5,70,0,0,0,0,8,28,34,1,0,4,0,75,0,0,0,0,0,0,0,0,0,0,0,0,0,0,0,0,0,0,0,0,0,0,0,0,0,0,2,0,0,1,0,0,0,33,1,1,1,1,1,71,71,71,71,71,71,38,71,72,71,74,0,1,0,33,0,71,71,0,38,71,0,0,0,1,1,0,0,71,38,71,0,1,0,0,0,0,71,72,71,0,0,0,0,0,115071.47,114672.12,0,0,,115071.47,1534.29
